leftShoulder_x,leftShoulder_y,rightShoulder_x,rightShoulder_y,leftElbow_x,leftElbow_y,rightElbow_x,rightElbow_y,leftWrist_x,leftWrist_y,rightWrist_x,rightWrist_y,leftHip_x,leftHip_y,rightHip_x,rightHip_y,label
353.586435905565,162.48974313695638,306.91288229413504,161.59996008520145,375.84229190579333,199.7545647973994,289.02411221327935,196.8807994689296,393.550000424257,233.84854564707072,267.69176224020043,233.14268664628204,348.73109742175154,240.52688598632812,319.46920337646867,238.0676542124839,999
353.586435905565,162.48974313695638,306.91288229413504,161.59996008520145,375.84229190579333,199.7545647973994,289.02411221327935,196.8807994689296,393.550000424257,233.84854564707072,267.69176224020043,233.14268664628204,348.73109742175154,240.52688598632812,319.46920337646867,238.0676542124839,999
353.586435905565,162.48974313695638,306.91288229413504,161.59996008520145,375.84229190579333,199.7545647973994,289.02411221327935,196.8807994689296,393.550000424257,233.84854564707072,267.69176224020043,233.14268664628204,348.73109742175154,240.52688598632812,319.46920337646867,238.0676542124839,999
353.586435905565,162.48974313695638,306.91288229413504,161.59996008520145,375.84229190579333,199.7545647973994,289.02411221327935,196.8807994689296,393.550000424257,233.84854564707072,267.69176224020043,233.14268664628204,348.73109742175154,240.52688598632812,319.46920337646867,238.0676542124839,999
353.586435905565,162.48974313695638,306.91288229413504,161.59996008520145,375.84229190579333,199.7545647973994,289.02411221327935,196.8807994689296,393.550000424257,233.84854564707072,267.69176224020043,233.14268664628204,348.73109742175154,240.52688598632812,319.46920337646867,238.0676542124839,999
353.586435905565,162.48974313695638,306.91288229413504,161.59996008520145,375.84229190579333,199.7545647973994,289.02411221327935,196.8807994689296,393.550000424257,233.84854564707072,267.69176224020043,233.14268664628204,348.73109742175154,240.52688598632812,319.46920337646867,238.0676542124839,999
353.586435905565,162.48974313695638,306.91288229413504,161.59996008520145,375.84229190579333,199.7545647973994,289.02411221327935,196.8807994689296,393.550000424257,233.84854564707072,267.69176224020043,233.14268664628204,348.73109742175154,240.52688598632812,319.46920337646867,238.0676542124839,999
353.586435905565,162.48974313695638,306.91288229413504,161.59996008520145,375.84229190579333,199.7545647973994,289.02411221327935,196.8807994689296,393.550000424257,233.84854564707072,267.69176224020043,233.14268664628204,348.73109742175154,240.52688598632812,319.46920337646867,238.0676542124839,999
353.586435905565,162.48974313695638,306.91288229413504,161.59996008520145,375.84229190579333,199.7545647973994,289.02411221327935,196.8807994689296,393.550000424257,233.84854564707072,267.69176224020043,233.14268664628204,348.73109742175154,240.52688598632812,319.46920337646867,238.0676542124839,999
353.586435905565,162.48974313695638,306.91288229413504,161.59996008520145,375.84229190579333,199.7545647973994,289.02411221327935,196.8807994689296,393.550000424257,233.84854564707072,267.69176224020043,233.14268664628204,348.73109742175154,240.52688598632812,319.46920337646867,238.0676542124839,999
353.586435905565,162.48974313695638,306.91288229413504,161.59996008520145,375.84229190579333,199.7545647973994,289.02411221327935,196.8807994689296,393.550000424257,233.84854564707072,267.69176224020043,233.14268664628204,348.73109742175154,240.52688598632812,319.46920337646867,238.0676542124839,999
350.85149008704207,163.11463499170023,309.87415235377784,161.4892541026464,389.681220996248,187.16574795906436,270.59864785433945,187.52295496095815,426.7340116817239,205.18845427111893,237.54589978740864,206.21072329628038,347.45850004102755,241.4370125897591,316.55500366789465,240.74914065274325,999
357.2596902229586,163.7434598910632,306.6224021971885,161.44369548773412,401.37580666685176,165.42538923138542,271.3505513219848,163.38122958612743,442.43288254097547,161.36246953403722,223.75592127795466,161.78122506333204,351.33403181464746,244.6670632231311,317.774890339205,243.64441869626842,1
354.36248923929946,162.87576897199762,304.8711328973514,160.07473000008258,400.20284595459367,155.40794453207585,270.26642376024387,152.61145561492467,437.3612660292012,149.6641819572852,224.69977838356536,151.5170588100183,348.8554490799022,245.7847212938627,314.86844224010787,242.08443607386775,1
354.5877321071534,164.06931879152455,302.8119349667999,158.95943502543088,395.32794295517374,155.35899575618558,268.61120263170477,154.26933820857556,440.74190787606136,149.16837212399247,227.63825378900077,152.56744739621183,348.36788978998504,243.61595218327784,315.2950358579132,244.1046439366411,1
354.0358986033459,161.51946704937086,302.89499099032383,158.86300343035643,396.0097442193054,155.97104127008868,263.0128881565956,155.84436364204132,440.1934843379739,149.39779495336035,227.5440668042802,152.8321673854965,348.2365745315431,242.8916137566274,316.68330031360307,241.8661757100208,1
351.19819653166036,163.21066344263184,301.378194076755,160.30197337112264,394.63968430650175,159.8709293550971,266.2934330101073,155.07141758473176,437.3227791688265,152.33110488343186,227.98289752496171,152.74754352851852,347.22746838513893,246.86526736043723,313.59749828658016,243.6911381727545,1
351.7913350712443,163.16049023360077,301.601169098045,159.95629986043207,393.73127098143755,160.040695803362,264.6669575237738,154.6904236872151,441.62125959592214,154.77721442127833,226.8653687029653,153.66589294175517,346.9056598006455,246.2179438004282,311.6833520199262,242.79544564180594,1
351.9038755106511,164.06337802556303,301.41383262983805,162.1676989388012,393.60887958351844,159.2480881672833,267.5019156650344,155.77002785422584,439.70027495711145,153.29486290445791,224.73643804613445,153.12390958531967,345.9995630152794,243.78516360518796,314.0521612664534,243.2196561075416,1
348.74186487182806,162.52202578881327,299.6589378610041,159.54310790176874,391.6715031965837,160.02904847610827,264.32846479129637,155.58332608567736,432.69010474519894,154.97676405795784,222.51736657502713,152.24988340575396,345.71062229632577,241.3530071492427,313.34956164608633,241.49466613382415,1
347.74661626107695,163.17219768467714,299.04478341293935,159.47644328466177,393.04108292758934,158.38720406336714,265.77473560592387,156.33299684423724,432.538493609918,154.36383059866583,222.87853849630972,152.72927846767433,344.81298413510194,242.46024069271934,312.8165955264798,241.80814618036055,1
349.9519162532089,163.50208693780556,302.3887810247581,161.13380206311732,395.01564833413556,161.2337760038154,269.7861361390606,157.71487020286898,443.2374348572645,154.43918304765955,228.39241015779274,153.93000059349592,347.49165729323835,245.08222583988504,314.1523203917589,243.44241184613668,1
352.85332509503354,165.7915696835669,304.54952583493775,163.34329266376776,393.8161185266094,162.54264815413168,269.7772453030892,162.09886417832485,431.71180954100015,160.0054228381425,224.84738800386305,156.68661782907884,348.76976603768634,246.3355043826597,314.5631044698176,245.4289663367241,1
350.54227301671415,167.10509834531496,300.2547547640205,164.34384876275413,390.78797350939226,165.61762505303477,267.9431358445877,160.27642667419562,432.47513661075726,159.55874420875725,226.0766910113053,155.51450789856858,345.7812203502203,249.51400676186947,313.5763217148622,247.37602250016516,1
347.0573022730919,163.3209930161845,298.18991807211444,162.99457412945543,384.8685950690536,162.9873283015245,262.1346530040482,161.91980696631788,430.00412879208625,159.99910536074486,218.955992206013,155.95168442353133,341.9003370625524,249.37096988927988,305.92973079349946,246.53752865297344,1
346.6943152067597,160.86433011432027,297.484173285076,160.248751085858,389.8678709394747,155.5968983430439,263.0385590804885,150.2862029448624,424.6744164923356,152.52138662035821,221.94692216966575,148.86171498207915,342.05934690261523,240.88860348465576,306.0470470169332,242.01000641062697,1
347.6678905517192,155.47389371198528,298.6635672763625,153.73323494989825,389.92172651004637,139.05771977301632,267.11559036520043,136.62516555624833,419.8872286297887,104.34638702844212,225.70871362188979,107.29575691465091,343.0619433555181,240.35051341792743,307.49693281465983,235.7672625616287,999
342.8178212917623,148.3227836657276,300.29918797208234,147.38248264562756,372.09586584925836,125.79548067572756,275.86293363646496,117.19974445238174,377.0245117862454,79.4833993407687,266.4578859350316,75.21673996907208,341.0522248808995,237.80767565801833,307.84658422967266,235.54870115526128,999
341.921045866811,144.55481208656101,297.51243940838515,142.09687860017095,357.4141438802083,114.15888328632894,286.9544433304484,104.9899156501883,348.3061914911014,70.28856757327316,291.360615297893,67.88769582865353,337.49165756442534,234.612962468734,306.6435663545678,231.48056320609803,0
338.6099286553984,144.48895895959961,302.6434302066363,140.87854300694536,349.7168986002604,108.51918452385867,288.45523201458826,110.08664475938986,338.0669192152942,67.64748506767805,296.45789172035444,67.26603050312582,336.276669856308,234.01538816617355,307.2532492301664,232.66804378582106,0
337.3975624217053,138.26196682629575,300.8692037814413,141.3715089955239,350.06789992394226,108.68056896121003,288.76733089886943,111.64326770613107,337.3368905355203,65.3694585110622,296.0431332460135,64.23978390199689,334.96851024657815,230.549860948236,306.78362661063386,231.1924926725553,0
336.7056380478315,140.39936799579644,300.0549287479636,140.654296875,350.59123107042353,110.06150743674021,282.8164135298646,110.26861404515724,336.7685327032731,68.70205498144944,293.2192590602013,64.73663265558932,335.6553295551318,230.11239638540255,306.378488646111,230.55994481415374,0
337.670287121717,148.1640115298378,301.6899308962468,145.11884951440274,349.1765542655571,121.30919635925937,287.7029650358227,111.87860662286931,339.7169067961345,78.49312320572125,298.8927740546011,75.72619415992914,336.4571249240194,240.84255952411675,304.308214473875,242.39286281593758,0
343.20461568485877,154.89412924704035,304.21461855630736,148.70081250309693,353.7139497247729,122.0390826299881,289.2600848060837,119.41194304452134,338.7160170134775,77.05564631972202,302.55364537050747,78.96009804078439,338.02870137243286,245.41604588450133,308.4277131621495,242.63624066278243,0
341.31078855686275,149.24276404350553,301.3076121735535,146.71253002723225,353.5795933149437,117.3742191887305,288.81145724376415,120.33553399696913,339.31022559673676,70.49186206519225,299.8330355820497,75.53394309562054,338.95018374185423,239.66090986642976,308.29665046920894,243.46580860226652,0
341.2025927744017,150.45885073962222,302.45030118390844,147.92089546961714,351.53647858196337,115.02373144944173,287.83469756067643,111.9515371826688,343.4581806008096,74.76399814855725,301.38081000691153,69.89981201688028,338.55218872263157,239.22517595029026,306.85599955337307,236.1764045699202,0
340.52782911448304,145.7386508804547,304.9191766289926,148.08897119243855,351.9661950085777,115.29884064172337,288.8511170783502,114.09998758650732,337.2957173568942,70.6576402595633,299.58314434611964,72.1058806405259,339.78629115256837,237.90575055692966,307.9543551524857,237.36986644172265,0
341.6334686761407,147.0492602100332,304.4866668556539,147.77624214930464,350.10552621754044,114.30563283521074,287.4207160069856,110.23423434816002,339.8612631365398,72.77390978049021,300.99215876622975,71.04523350270051,339.9752201363562,237.7115617393187,309.0542308451817,236.68835117751397,0
339.6279444400733,146.74344794694767,306.04518872301725,148.1439357378518,354.7512494368952,116.09306158021438,284.8374635235393,115.94472098804175,339.8948392220206,72.40881567021505,302.5306564258738,74.69972058028046,340.55609825098117,235.9952366125256,308.634489279411,237.34909868139545,0
340.1484875430428,158.05145400775157,299.46011559846465,158.21819200576232,383.1833353389119,141.2378507134274,270.97220687504625,135.84520206894985,368.01751641488937,100.88494653681619,278.46435064764756,101.45967511747654,339.86505919723146,242.08854542222133,308.5040174728321,240.36842717176762,0
341.5336795704436,165.23294557728676,299.34586414981976,165.1900396689804,374.0419447478525,190.43985725709297,279.0406970465541,192.38171688345975,374.68267455861843,170.1165199178974,284.15464765840983,183.36158897609587,337.7313164926441,239.5674099428205,309.2035048305517,239.54945892914657,999
347.4999893935747,167.54926556512618,299.0692138671875,166.5236175085475,353.12805923052116,211.52284037487198,290.2124353080376,209.70460512673375,355.22660965038136,250.32109782761296,285.57587682353375,251.17572131167,336.39947876169407,247.46062942085507,303.453346963554,246.37229000035097,5
345.5995219202026,168.8724779124996,296.4300161063388,168.1717530264663,350.70599548436263,215.6599419817612,288.53936555449616,212.02628907895237,353.10357309254044,253.2050438007895,285.99690056148484,251.84106580802802,336.31069816119293,245.50948483747356,302.47918561359904,244.75291955798673,5
342.9454161054903,168.67596942829027,293.91105953174366,168.94222662766438,348.67941809679843,212.1524041802888,286.11770678093836,213.54886706233276,347.4213387126229,252.73245458623066,282.4006550383605,251.85692198432776,334.7827136384744,248.8971385189645,302.89932130449,247.46610806809923,5
339.800260763786,170.24548420190305,290.95963078840833,168.52924262242388,344.5079884220262,213.34280856820038,285.73923216423526,211.64902836273384,348.4386994902745,253.74178985208587,282.0288377614194,250.3265053424472,330.49275559460006,250.8208199434502,301.4152888438148,248.33292205036315,5
338.92154928632254,169.7397634494128,291.474956494372,169.5822834313294,345.138488335632,216.08389598370604,284.7549954334518,212.92644674127752,350.7105408196954,255.92214120618888,280.4966420057637,251.93760942455071,330.14424304449915,248.88105557786486,299.2170067647057,245.95603765443312,5
338.621007066579,169.92418365801112,289.97498233548083,170.02320931779406,343.670153866447,213.42932856360147,283.70727876539667,212.19477732136184,346.9791975217219,253.01485509247405,280.8158262231715,250.10522838374774,329.7784462396944,251.09698015338017,298.202174760719,247.50610964494828,5
338.36522588985974,168.19430804907896,291.1767809537914,167.62697627126036,344.4096897601328,213.89060022463002,284.46815611250213,211.60657985517892,348.72879100636845,253.55052085053845,281.31891826129447,249.4539845569441,330.60730522842766,249.52640702810146,299.79043933452584,247.10984599010635,5
338.6063017400708,167.61218532699357,289.86615848390596,167.25124399455353,343.7398269918481,212.5949906395555,282.59348792487407,210.68931258001993,344.81094818356286,249.92204210470896,279.862704164044,248.78941090364032,328.83164078891747,247.39441676069262,298.6560343038791,244.12888702328058,5
338.28948974609375,165.6876089406568,291.8795212298208,165.8661967755372,345.0315864165247,209.73061140193494,284.5564847346542,207.87422172110882,348.05512004930637,248.95260026540615,279.3590570965084,244.846884987571,330.26328546364346,246.79548428880236,298.39768462459807,243.04582785350323,5
339.8239825159829,166.26968303140072,291.6265955920468,165.66263517416053,346.2107491154241,209.46946884058494,284.97470680947924,208.88497745763928,349.88323290012835,248.52087976564565,279.33608165096143,245.29734863539326,330.57806584507364,246.1928297046879,297.8348922126854,242.78941051652515,5
342.7012986217818,167.3755638493544,292.45737663377514,166.87048817285773,347.26411732075525,214.7251169474886,286.28541871081404,209.9306139633469,350.17616790241163,254.92228953581278,279.2546419020136,247.3629544602892,330.9485009722235,248.63457185773464,301.2801481611544,246.627311303298,5
342.777938963301,169.6286089576576,293.77406212202555,168.24863095112127,347.3392336515453,212.256351011248,286.18444964030715,211.5851212152719,350.796289911014,253.55738053110133,279.94877458183686,251.34226454236793,331.68531056264,249.7006439305763,302.4629529618539,247.92750215429584,5
340.1664049290179,168.1403623423667,297.0750979262317,166.3676038100906,361.70741269562103,202.49769965891605,269.1075734504591,202.3574857328709,376.82357137237113,231.32944820799233,246.23874369014118,234.50907636646488,331.8151450496149,245.0048412782697,302.39104766604646,243.54206883630087,999
339.68793438132525,166.69965135118673,297.9378448052429,161.09955882421255,377.7347577955297,187.88738903989247,263.42501479114213,171.76160251867444,422.9214684846465,190.69773813130737,211.56463960524042,174.24389522625074,331.50010116480723,241.3626830925649,302.71098638597823,240.3656418782208,1
344.292547096385,165.39426614063737,296.2118872571707,160.2123363728755,383.5418855447151,169.31055435922633,261.81969014389256,152.24442980002146,427.4234987472847,156.04172269083227,207.34795978660642,145.13092992673717,333.4134833168644,245.04751370774767,299.8871977747334,241.83929636916952,1
344.4560075371186,165.10518015565125,296.44195412007554,161.32838005243346,385.52693974161974,167.99822236720402,259.70608305968756,151.06393180992336,427.05724924096563,156.67350430317205,217.21867999759328,146.57008907003583,333.66901946105475,245.63405704296667,299.65638171251726,242.34346063142092,1
342.99348394264354,165.2882473967796,296.05907952427674,159.2145731887656,379.1037483878233,164.26510155578998,257.8010715767859,149.2294085706263,426.30446302947274,157.0126820215463,208.87834545937005,142.19127372757828,331.62332042133636,246.3312712784297,299.97568718065014,242.65701616541276,1
340.4972870692634,164.68640623838652,292.31653246646056,159.30497691696843,383.80191555897017,165.9971931570428,255.95666532832863,148.64343139132282,429.23288161532383,157.04248311403688,206.4281966222971,141.92807219749272,332.5551705262484,243.41828489404398,299.96442375966535,241.55173368232192,1
340.8946037593799,164.2132084062185,291.2547270908928,158.09786451795387,382.9742074879048,166.12444371552093,256.49955833881006,151.80144231364793,424.3154372084197,152.35591509377477,214.35598942905804,144.07659083037748,332.96598654411036,242.46728522076918,299.0462610808217,240.33218496697648,1
339.05818511336145,162.52562656463073,289.81308875302375,157.44785171734605,385.08002258590045,161.4499546559114,249.5799199928416,145.74921428527185,426.16183409005356,153.42808181085243,212.11667559534828,141.87175250708677,331.83962409153554,239.8588762021216,299.3749787871495,238.57874348098076,1
340.14861240959465,161.95412375710225,289.5837961591627,156.94204753851537,385.0765764619125,159.32552571528558,250.40701771234447,144.54463966805133,424.3369839202736,151.85086240224052,213.08865129853498,138.9444140702423,330.8013658689285,239.62427086860382,299.3267648705939,238.79156923193256,1
336.4623454547418,159.4542947329628,291.53106544820054,154.0545538061517,378.98444538809485,159.84864991008604,250.6300390162174,145.74725548258291,425.08259512613546,154.57848353315356,209.14243098495507,139.8740648265621,328.5396360183402,240.5181006498115,298.37657331855377,237.48721205406915,1
336.55343825594883,159.11592293995378,288.5289331710357,153.46583231306982,375.4351324530386,162.6401747407167,252.1338803018627,144.11986304640013,422.7766898156719,154.03567840382613,208.51047606264808,138.14838240060948,327.27621985461093,239.81647499519977,293.633641729611,238.51862885231193,1
334.978364338807,160.03034773135033,287.8021134170122,154.54252975939696,371.6120440587048,161.87303861654334,246.24145266757378,143.5723535001404,417.2746828871692,155.40372981581575,201.05317945917258,137.0507490105659,326.44867329047565,238.88374667339042,292.8326917410273,237.09399814081493,1
334.35203033977587,161.50718818003227,287.16331060087134,156.95761513256372,368.9055904731931,164.83909171429042,249.9157136311463,155.6446828701027,413.87027107708826,151.63092195861685,208.26634218719144,151.89032298565917,326.15755054058053,238.08944637629244,292.4272717420147,235.55591559057254,1
331.9703321170656,162.03744158432298,288.75226302546156,159.11541460936468,369.4776296992249,171.44068018326547,251.30958882553315,178.16812865073786,401.4018835275659,152.62717829698235,212.1064929449916,195.89038893233896,324.83358398244656,239.26971596844857,292.5394366175454,235.51746639086377,999
333.3939056637539,158.6443070780651,287.94117329433254,159.36660298837415,371.9637237114929,177.28008052511396,260.2923800933982,196.25965336160476,380.2922359424368,154.09359455108643,242.25818507479264,225.87551270176442,325.1376101718318,236.80807960461863,294.40235662234335,235.9234635572857,999
335.8677280419999,155.17104850510967,288.1311729394994,157.2464959465172,374.75478330494667,167.8853618468593,257.3059583425898,187.494172828142,345.2064164630233,146.63744565548402,268.2901497550108,180.80406430911816,324.51797171979905,235.3682538520458,292.8762766761237,233.08850383153677,2
334.276123046875,158.15370539530133,285.4684125228327,156.3748181042661,375.5115093213122,163.36977484866378,247.55973345860485,167.06305280044265,346.92866754757847,154.5387164029208,283.5287248994125,155.82473883921196,324.9891457700804,238.83002041258217,294.20445784196653,236.5707408751796,2
336.4632238595971,156.81782543029138,284.0687640583345,152.61256421595243,372.17999836468204,154.7754477244855,247.14191093264031,145.09850661295917,347.9526798194053,146.87744955179807,256.07681491363667,139.94614615248827,325.25660630839315,239.7444621402668,292.9973613142402,235.9624576366981,2
334.34904655950703,155.77605076118454,284.11948735868384,150.23155559193003,374.8886884595922,150.19205750673063,244.84638425034555,148.11036414374257,349.5976857551466,148.64967071984836,285.87589402522707,139.21870027989715,323.5759728930384,240.60340510362298,291.5304464186537,238.06382201438726,2
333.16211381041416,156.78696388422057,284.3582543829606,150.99706516709438,371.0013111470058,149.87851745734505,248.6231264231894,147.18474277230195,347.2539656459814,144.4335358037001,259.3615192334987,136.8514949726,323.95179145897356,241.74783896190166,292.1775048905262,238.3807563378493,2
332.1353647192884,157.64726634761496,282.24918118397017,150.54065059153777,373.2700303305193,150.3564295052978,246.4826938815968,146.8260321909479,352.28224092938507,148.07774582070476,288.94384881331456,143.4714935496292,322.2517340782129,240.3490982700856,291.25863363015895,237.44764731247884,2
330.44993998691746,153.8319557867393,281.20913055082445,149.9119714652257,366.35102234368827,148.90531963324193,245.5161867548504,145.11954825725917,346.5478544551614,148.5098127885298,280.0519820901831,140.9006100225146,321.7817472243949,240.92395484069436,290.62188653207687,236.60656693117815,2
326.7097967307526,152.6011172207919,278.2175680585382,150.12032119718717,370.429118609918,150.94482131538632,239.89472351556327,146.2971903052945,332.9734285182862,147.4857528718783,276.0525662149486,137.81633358929173,319.3718033680607,235.66575225765558,289.2039718748457,236.10797519159618,2
328.5527118122408,156.8353762636729,277.65088411304055,150.14497704536163,369.8549368859844,152.84179977836365,242.82691316770337,145.37373581093914,332.1510791627905,142.95135498046875,274.03132964461145,141.4093773259169,319.17235773698224,238.75432270525877,286.5109199897561,235.7461270419034,2
328.27581565338664,156.3135266455233,278.32308366965344,151.18438801352116,368.89752380467513,153.15509013847367,238.77107014588267,147.73164067661534,332.5850620239643,143.44094024400127,265.0863816199521,137.39966340095245,319.64972232378676,238.81559263072103,289.5565993563635,239.60204126466908,2
329.6872705155262,156.53027048574694,278.759370294604,150.52298241387462,366.7709953223736,155.78846131016286,238.12603750123418,147.64194899835243,340.3701902754122,150.23595539762402,277.64422617064076,139.4409250658612,320.66896339163395,239.96792218649864,290.3411407229648,239.87234224476722,2
326.4300117673467,155.24381950088082,277.2654157641563,150.85586854317728,368.60431014267374,151.59798910451488,238.46791151387242,148.12318636549452,332.25982672042,146.7244018812764,278.1143800756566,139.37854049069685,319.3505044608696,237.69459157867107,290.3101058405534,237.464423794575,2
326.90966854728225,150.15572045872628,275.93251015902695,148.39791860439308,361.2531086468207,147.58202260442818,239.30050239743778,145.63935100402185,335.24367490650917,148.4608698193669,259.18653828649536,141.69418109143763,319.65018852438783,235.48981809716898,285.5834141350094,234.4510671603503,2
325.9061543975396,151.87187573874473,276.6640680924788,148.48771770711176,369.3707169326372,149.09416795533,241.28676958370357,143.719139824962,333.30636456867717,142.35165844003947,276.2640274795122,141.53869048233514,319.20621730328355,232.6461577465872,285.66686741737016,231.6689740880599,2
327.19494281786876,150.2093741354428,277.3118314095206,147.7961592240767,369.78462014341426,148.6712117426995,241.42931511805142,143.3123321210607,331.8034640006356,141.91256049319503,274.4973711492891,141.76779103833576,319.3778140774647,232.9110132261764,285.0169847437179,232.8136871531448,2
327.8948646774412,151.42662483844393,277.0707512203174,146.99979197399307,370.6120543758639,149.59504754548345,241.06563140242395,144.78692343068676,332.50784393358754,143.28287023822548,277.29453232992694,135.16937836532108,318.3475097849094,236.055648956944,283.9371889424738,232.91881020931058,2
326.7828494489287,154.52330365493484,277.747235772734,149.5165338173477,368.882967932341,153.9294162613141,241.78317342700927,148.4100570840009,332.61736889397736,145.87101093558377,274.3363415083802,138.85468029320617,319.31785233966167,237.66858542444336,289.6757967739497,233.8266160573818,2
327.9148462184044,154.95816759024814,279.4942036850192,151.79480207898902,363.6256796790148,152.96266196898122,239.57289661088072,147.99255048497787,342.57414807263893,153.93336386811657,277.2511732634775,140.47627035709567,319.2645634896759,238.46612442371455,285.91709420202653,238.1250762132963,2
327.6958813900819,157.1120419008283,278.4337559318844,150.84123607417746,369.42887292654024,157.7921983908397,240.42193709579877,146.89901888244498,335.64795278636575,149.821768311063,277.040359955075,138.1142742361629,318.5308235252826,241.5365666314865,288.4887979757541,238.6698795826692,2
326.9264790081488,154.91203519809068,279.90778291771574,152.2420475901307,370.11162973316544,156.0754892942013,239.81297401078692,147.49115506387915,335.7889276055551,148.45662413389434,277.7261559846465,142.6914632849663,319.5709267084444,236.27888362957106,285.7455294881763,238.82298023957782,2
328.4826308215775,153.81998715390614,279.5083304792407,150.04042740352057,370.99697504751674,154.74623117588035,240.7402204902251,146.72261824819552,334.0368661985955,147.3362335140559,277.98036499987654,138.36764366883807,319.01899147937644,234.17252667610538,285.40736772437793,233.81873971564067,2
326.70597070389636,149.68618243743703,278.77495981129044,146.89181345965847,368.63334282126283,153.61961961548624,239.75337072194657,144.4959734862249,330.30945426856545,141.5312244826593,274.71203651850067,139.9671955390914,319.51062677030876,232.4091295560873,287.75869119412147,230.61583795204726,2
322.9452808735683,146.66649804306837,273.63463101982126,143.0829770368451,362.45099349421156,151.79219897151245,238.2256487082531,140.8491299973986,326.89411036776136,140.25135983876396,271.9137202017303,132.78092188764575,315.5208571224604,231.65415870714892,283.1827240231289,228.5749640676486,2
322.1490772602871,149.89010526564357,274.203708160545,142.44652584793704,357.17088262428416,167.77349427688952,236.71669621038208,149.82522234604173,321.4587518050207,146.78485057822743,274.5059416230067,145.3943121307244,314.2482903406706,226.0609437648136,284.3821747645759,225.3983661740325,2
320.28533115959465,154.35211030927823,276.0912034937179,146.4562446420843,331.80291391285294,187.16782156559174,239.08503672522954,149.2680426631871,341.4201945565511,211.89104011648553,269.69898579433254,135.72125699000932,313.9277636873025,229.57359281705246,279.6857644031398,228.54039492617196,999
319.81753525575755,158.78801728907902,277.9416467265872,150.30740693558093,328.96970872442114,200.12099929390195,246.3311941137811,178.63216537249767,332.76439311191746,243.2260406042506,269.35121051131455,175.97462563383655,312.8937620913248,233.0322625319499,282.6367945317032,230.30427969031302,999
322.2305085723057,157.85669951811906,272.0688989527794,154.60845205294908,326.05989573691124,203.36881110330464,265.84260045634625,195.7655902039929,331.22906050599204,242.89486455614923,264.08547351710604,235.0865616909293,315.0667910703927,234.50951670995474,278.8695298325959,231.63788099873645,5
320.65050797063213,154.52411544751413,272.17908235522805,152.33358459795252,326.2067641127166,198.7282494510707,264.43566585980693,199.20003685336283,329.1433677251493,241.48472404883225,262.0640195150511,234.56234244413153,313.60869397107643,233.40205573632397,278.23335765097374,231.21366569406132,5
319.8243836317017,154.76392747987904,270.3722778127468,152.75107087342985,324.9787233904074,198.13774883117028,263.4635397382257,197.33692056280864,327.6325952611263,238.41378209958873,259.22330268751386,233.30462659388212,312.38241234850165,231.13967347094675,279.74873065195186,231.46932622090958,5
322.3780757669024,154.76055346886147,271.505998608437,152.64111444259547,325.66091528436016,198.02641402843386,264.491727566832,195.55767573463487,331.16925617718204,240.79499516880284,261.7445920730277,233.10968991817933,311.069432841658,233.27451968041836,278.8810091184402,229.85658996452992,5
323.36629810303117,152.9174556288608,275.11674733335184,150.31805332820963,328.1978131093873,197.76209567112346,268.7520411342241,193.8695980983355,334.5093602667111,236.7224498531027,263.4961904131029,233.2566039910024,316.66334480659276,232.42398969718818,283.8131840421125,228.75018097633537,5
333.22627834422514,156.82495439783463,285.03890243940066,155.54865290700255,339.53506017748214,199.60092072759068,280.88815890970574,201.82354892787166,346.02013851605693,239.74516306064595,273.3102025277618,238.7594836761281,327.94582758657924,236.3659482476071,296.65969053150917,232.6595378980576,5
339.44098932106533,159.89778546903904,291.61131028692114,158.42490569229608,345.5110486649789,205.1864407884142,284.12891177016223,202.1586554045405,352.9285950381985,246.99700095436788,279.56308229274657,240.73643625916688,332.80382442625023,239.9007127048097,300.66304187262415,235.72173588371678,5
339.109256015193,156.76024543810595,290.96752678990174,154.6622570372535,345.0481211103346,200.23472066157464,284.275389636674,200.3379335463929,353.12438097045316,242.50223881598507,279.59604344661767,235.360704547003,331.84567945640043,237.39984911541606,299.1978151538361,232.84897850633422,5
337.53740837977017,154.19098948827505,290.4578620223637,153.7905086977033,346.10137192182253,200.15174010843353,283.0351231561453,195.9687410398971,355.83039728197815,239.3228794605989,280.2945633296153,234.93494513674972,334.0509640662026,230.99231228011857,297.98568882271763,230.53857654144093,5
336.00564580016413,148.4595904037766,289.61445644191843,151.24769440665054,366.5661389680835,179.81501629690285,282.041031775693,196.502430696064,399.12790886033764,202.41817546949326,280.46900865214315,235.0263265726682,332.4542104350447,230.10021266171088,299.7566085743113,229.58820980144606,999
336.65908355471834,146.12346262558822,288.0999804070399,149.8969366384107,377.6131609152843,155.59816420960374,282.5759897337517,197.07882967862216,407.6160747895685,154.7389267967821,281.0786686275054,232.6325516166445,334.2567836767501,229.39219888118558,300.6475569738596,229.74542597635602,999
336.16429815548474,145.57508843645735,288.38764498019106,152.7416438935423,374.1986939730049,144.7541705851323,281.7179276404599,198.3158658372423,419.2824599038556,133.11144467892152,281.9326917217429,231.92127808455936,334.6708857580007,231.15709945969047,300.1283880658624,230.64857337741972,999
333.9587450554774,148.5145958382282,285.7406881371569,156.33799377505923,371.645431156972,146.20313293586068,278.67573959567534,198.07680287270415,411.875129205544,134.77742910889188,281.5865412707577,234.13091324852584,333.4813714291059,233.10293548454945,303.9569106260182,232.39891649048624,999
333.5537165299788,143.2323410647112,287.3098728366749,151.39360246396214,371.122675650116,144.59607759439416,278.02258725038257,195.84165996527318,412.9515675910841,134.95778243083026,280.6170579569788,229.90599553630418,332.49165364727963,227.78539710014616,296.1096138374123,228.02152960295405,999
333.84203918360606,145.59725567855995,285.0386951319979,149.54319032503736,371.97855149400175,144.3642982015146,279.8214572225513,194.30320578448112,410.6032529713418,136.54445882075433,277.8181546709925,233.18754361497423,330.7190815231058,229.52756821227123,298.7032650168661,229.48485924880043,999
333.11882284203597,146.201670714211,284.40670453353323,149.41816301728906,370.75321962859766,145.76890102652615,279.46902379040466,193.93011435897859,411.51860771962623,139.51026513258952,277.54344753367826,231.4061490274635,331.32955379395685,226.3964089278691,297.7736033459222,227.65203738061368,999
332.4965509833506,144.51191827560328,283.5755088769994,148.86871329825726,372.56659967262783,145.87296532274047,279.3581803790389,193.77059182455372,410.0623985640057,140.92975350313407,277.28988068928646,232.86584608146552,330.54879657088486,226.9667728153898,297.9998233307029,226.922993569243,999
330.7908290483375,143.97669286102874,282.78866254134573,149.3727665068483,371.3280975197164,144.601233968271,278.31287908328085,191.52618658214996,409.18441892988494,140.97926311210648,274.778144378421,230.34929465037823,330.7548698919456,225.95201681834698,296.79663225749465,227.45857996870043,999
333.51816668517966,142.0281375941464,281.40215399140993,146.8741902841322,376.1218859535446,142.4752285011727,276.6356205751922,192.89120615662782,416.7993501539667,135.61588376067405,276.94017780900566,228.52201252104615,328.30746426213216,223.96635801545156,296.1644828037063,224.9901014654631,999
331.80892293487113,142.02302331904275,283.9138543247988,147.16268301514188,374.95742484479905,141.9612499019308,276.79362364854853,191.33856468926524,416.0598537933205,134.93310746884495,276.26882761010626,227.60066251170053,329.6507457232965,223.57659305628962,297.6075580711425,224.28661160942866,999
331.1585716500666,140.63226663537054,283.54753876937696,146.54561564987858,372.38979731314174,139.50197893267705,273.73203464405606,190.2143965513459,410.8885706318498,138.54451316607677,273.0933331915929,227.67297380822404,328.81896321807426,221.60254722417787,294.86160109581726,224.08539786147264,999
329.1305676983054,139.6742128771405,281.8073753610041,146.25285594206278,365.21555920159454,141.4557859005434,274.38171121558116,189.13867587518993,412.590505590936,134.54768690952034,272.16619337904507,228.27776185049817,326.3723393300133,225.84942876158505,291.66379949681186,223.79015868108317,999
327.5800307817745,139.61668393576625,279.2133387946781,144.66446318031618,365.06236481628895,139.86467970350074,273.6623897221039,189.1687169790772,410.81690494483115,133.55751069857251,273.52890496758675,222.72010996780233,323.17070965518315,223.5645794213196,292.62612919860163,222.22554422584193,999
328.16218371639883,139.37952243248452,279.2725293971539,144.5347602473253,364.45502258590045,139.14384902405686,273.93564040438633,191.01510045896373,411.78371724735877,134.07789266638724,270.78692491962255,223.00712246723455,324.6867225972397,224.1836534947724,293.20088812901884,223.0307790744128,999
327.80274016032286,140.32194254514278,279.1417666370458,147.416443169495,367.51765005584764,140.11327634654134,274.1082183331675,189.88618338586915,413.6243736423775,132.71476971422643,272.9525670056094,223.79104227142656,325.56502934315756,225.09599657441797,291.34670869245724,223.72795024331478,999
327.70392395308795,142.1830078512115,279.0646309272561,150.48136995408296,369.701056939919,146.1735667814412,274.1112876277399,194.94055653223273,410.30817065005425,134.93532467090048,273.87011752497716,227.72378844892248,325.1322370532188,226.59582041282732,292.12442069633687,223.57199533797217,999
324.33517516318466,145.43004588395294,278.2675551765526,148.41196556171957,363.1485790475661,164.01269231235753,272.75749604283914,194.9053058261347,406.37449629122233,163.55500364404398,275.05030820343353,230.49869690586596,324.1548790713245,226.2638913047742,295.1264396775955,225.89343758516532,999
328.7522119217762,145.7791610903266,282.1688172640205,146.16725023402722,340.1137285398269,189.5180547766655,275.8612457082546,187.71514475219595,352.4226936231857,223.60984431260735,272.24545447182317,225.80330362783675,325.2966617144303,227.03751094245507,291.01136972930567,227.0848977086912,5
336.8560877795468,148.09977981051227,288.09117321719486,140.6632089917302,339.3226302931847,192.46908611273412,260.4152762607375,180.59027512532208,341.3455147163186,230.00710614387881,236.1680509015847,208.1464640837139,325.5692352728821,225.4041791919926,289.6602593251691,221.29770807181552,999
338.4546149134824,150.0243858353532,288.4776658092818,137.28505741466174,340.0096798093774,192.03580553889526,257.35216957321285,144.30203943877592,341.42756120100216,230.54735631317718,207.25724399560622,146.60702357584526,326.1758596411248,225.09780416024915,291.78958742162814,218.58187169403655,999
335.27603583313277,145.90561166626202,290.0681867795344,137.852627328788,341.1150422781753,188.8443357697501,257.22320412007554,129.5025776707849,341.0814417255998,227.42236244250049,212.6656207767143,127.79358232752213,327.49465267428474,223.75820982531815,296.75700255479853,221.22076022448547,999
339.12176291901164,149.59529433139534,291.2735959214245,138.22832564218854,340.44235566969354,188.5031947726679,259.3868049513107,130.25298104477736,342.75645950582543,224.91395059146032,217.38200834012142,124.92294827676979,327.8645105346872,224.35168494129783,295.6606438562956,220.64396251331675,999
335.6890931814956,147.16876459424137,291.02315170505034,137.97078424981984,341.56893701538274,188.96885426301532,258.57148614916565,130.55597607731568,339.3256901263437,223.29177743536724,220.75104241875863,126.43859943930241,326.62177690020854,225.20805673417783,296.35059181924487,221.0861254444082,999
336.74795527405456,151.52599536339272,290.20093679804745,137.18203978105024,340.79728546865744,191.48516858606962,253.12012176754726,130.81369315342974,342.7168743983264,227.58250133683765,206.80545945491457,129.9655216012394,325.22438772481763,225.21289978672536,296.50094030781,222.23097206422187,999
334.31676590423825,149.59072322724484,287.84759931278074,138.87186881099643,340.16595424634016,190.6677342872539,256.3320966241484,135.11345570989693,343.1299069180119,228.1146433791953,214.16667341621,131.74338032276887,324.9103073674544,226.98019249494683,294.5092059914346,222.56848325184987,999
335.0137796748494,150.14882351832964,289.50200808556724,138.74531276130273,338.8762010330272,190.9714212881334,254.94420923892918,136.05393262544595,341.603543973082,227.53335029327843,208.19294090331258,130.88394064227822,325.5604331451946,227.69147252935687,290.7674548976229,220.3533566174497,999
333.536441555897,149.37151999604626,287.1138161995211,138.86780906177222,338.5284246652612,191.1146238943991,254.6335950131288,136.14311427949093,340.7208329090763,231.29225974859193,211.73790713245458,131.33935440418333,323.71448614774346,228.19865281183672,293.8733826165704,222.28022182214588,999
330.17211431952256,149.06458267953883,284.79827880859375,138.8413892991951,340.30835385194507,189.6231408149445,254.0973915232678,134.00363526939086,337.2470526672652,228.41042548859093,215.38917384818077,130.14355423586565,321.58246960873475,226.72136137399812,292.1317728774807,223.298322100972,999
330.92722526658764,148.00820638967113,285.29120181597426,138.9151960699553,336.64663016513623,188.4402794868195,254.1971232578464,134.1431244735234,337.0060920414013,225.4653520967189,210.63357192004835,128.22796714734324,321.2834545937006,224.88442362488954,290.65215497973594,221.21268209896934,999
331.91269812802375,146.94893834958873,285.1792331593108,138.9336482767827,337.2376083687395,187.06258890744746,255.13189282650816,134.04443140009744,337.8295117418913,225.28390590030597,203.9108088344194,128.91821149539746,322.9511559894676,225.3224086156607,292.7491419160912,220.9621053619062,999
331.17514660008146,146.6236087081296,285.5966538463912,138.6849611455744,336.1924013255331,185.98080818547254,254.94730052978127,133.74035050954677,337.904815432773,222.21259957892192,214.05666887665998,127.77584422718394,321.9703216311679,225.15578021962847,293.29142782925425,220.40204167113998,999
332.4626865959469,147.0953491727091,285.48810142288085,137.81914765940658,337.331367480623,188.14219404224613,253.64800138307783,135.41555457084928,339.80983354469043,224.81480798055958,207.2410663044283,130.71767885639602,323.2255217324689,225.24162203766576,292.84589131673175,220.44107449231137,999
330.06954295563656,145.91690628019498,284.3577428639971,139.5333392524316,351.5906417388675,178.88274888407602,255.33708665796553,143.02902576535246,367.46851868350734,207.81503641076117,199.62050403275572,137.5623776695945,323.2275656990907,221.9228489656025,292.3698342128952,221.7659954692042,999
329.992129068239,144.5795642296305,280.4301136854512,140.45968706965698,368.2616695747556,155.52430711387328,246.93041182242297,134.02838741246035,408.0704039081013,149.83394888944403,199.8796855329902,130.46151223696816,324.1788075885501,226.78822922656198,290.27711937589476,222.93549696940448,1
329.225910783379,146.15938874178153,280.641543130739,143.18175842091597,370.2154704933106,140.6602739330074,248.83624614697496,139.16087967144762,404.43627621136943,135.75569814153755,198.26032641562992,133.41080034510026,326.0710597226593,226.6559837938111,291.2996650683748,225.57216878169183,1
330.7045886866854,147.78325994221402,281.4161814709222,146.1107254330754,369.4667817367385,142.82008035994482,248.61138511043023,138.09325623461862,401.95407282872975,140.33867027492403,208.35333801558795,135.57192877029516,325.6398757524776,230.2880288380145,291.2316103870458,226.3008453175583,1
329.74005676558795,148.3732850153401,280.95669762971465,144.52030827076692,366.4533608483289,146.11469357512718,246.9550466914124,137.51872217932413,403.08930986112136,141.0124887220451,200.25884305884674,137.47180406437363,326.03776543061315,228.99370302357582,291.1213749166913,225.52505299606483,1
332.68406583234594,148.99320130620396,284.5561755814635,147.47074768356742,369.71464473489334,146.82645801761942,249.9537599030264,144.03602067814316,410.6569716226056,141.11634494386314,207.77522130788407,138.58111804937963,328.2297712329063,231.70129336463975,296.3210080886527,231.59840299513576,1
339.46958236031435,154.0918398609121,287.9212409286137,148.5342823375355,380.4533234365743,147.14668354574772,260.1196240851476,150.35220124000725,422.066737170468,146.67446481249044,210.72655652183303,145.79123672420832,331.9241887434587,234.89724296344005,299.0036377145969,229.61228207352298,1
345.5072860356191,153.8684647985543,297.8754047797566,148.25628720176647,385.2695902602932,151.5172891435361,264.9344923070633,152.36108695225786,421.4982221702829,148.25782550061732,224.30959017544183,148.5142713873381,341.0531019599517,235.15412269132585,307.64314527948505,233.1119666391901,1
351.9716896189709,148.61057692803993,303.3991172754369,147.586836865286,393.77405151560026,145.30537901670684,268.5627822514394,146.7085698391872,436.48411851735284,140.32212013422057,225.54218021049317,142.55009028170628,348.12221147437793,231.72760800125735,314.6438304545567,228.60160230834185,1
352.933632125975,144.7885768962965,306.6122335280287,146.36018389123186,395.5578034748963,146.97750309305007,269.82385764943103,143.71925983066035,427.5750809559513,140.92522135244616,227.58141299182955,140.57305156554528,347.58296183123593,229.05789433775692,315.0666536689746,226.81196918447222,1
350.29378761424084,151.36713588464588,301.5490346610263,147.54146309786063,382.978118125108,151.41266449813358,267.2407549817415,144.46759600972018,417.6399999922862,150.8377578445015,224.97747484541617,140.71467982286126,342.341373196522,230.91178216591445,311.6281417195831,231.0721301024358,1
344.8102635870236,157.3058782017004,297.3073709255899,154.70950909951273,382.68069009645285,155.13166431644754,264.4562712514193,151.1316014747539,430.2220358705445,152.66574476536434,219.20417773591774,148.4465944640984,339.2457558871445,238.47628184151193,306.52582780256466,237.19386175369357,1
344.27057877912716,160.5021006561989,296.54821121673825,156.61507410932543,379.1608090272635,159.80082280036007,260.1898530836542,155.63258552148025,416.98612351741457,155.9509161209203,216.31672309284903,151.80803488475323,340.24347199836234,240.9673702893247,306.94449667305366,237.61073759695944,1
344.7638363710135,163.27277800497492,296.79633600075283,161.22796383266973,381.3560999287248,160.82199967688788,263.1837374188512,154.62194591949657,431.7712556619026,156.46648915071063,213.86674010169824,154.44541127686773,339.71748547154766,242.5018642820717,306.9288213407447,242.86091649255087,1
342.74833233247244,163.4513420685653,294.8033086647166,160.81561070415987,384.6907850991681,161.86280329182082,263.2320099118008,158.9683529488884,427.92754693053905,156.9348563906002,217.1702616662964,155.14971924634614,336.3580512699169,240.93641123862398,307.6793129485553,239.27993193741327,1
340.7490218947472,159.63483798327456,291.93867904880034,157.4016751698661,378.4717881623037,159.0342805955173,256.8099411516958,153.6092429937318,423.0419073360979,155.76447904235968,214.7527545850612,150.75390337889593,335.17544184439174,240.68746425636726,302.9360267675318,240.72030662230154,1
338.6064598722292,158.19514510495466,291.0276256880677,155.82173216418533,377.0613953890205,158.80323285028243,258.5246353390469,154.10808539037723,407.91571064206283,155.05086418942216,216.7497419746001,148.78519441310246,331.1801865202556,240.72521330690282,299.6856583388872,238.92283852962308,1
335.16673951352374,156.29917991589792,290.4931650267205,155.38837283660695,373.31014190239927,156.57106685840048,252.88161628807512,153.37391956159982,414.7761783931304,152.87060005720272,206.57977400986127,150.54919301329403,329.21268770480043,239.2192339745939,298.8524749418382,237.22428658547915,1
335.1238946176441,155.6810329832436,287.5081127100458,151.73256194616724,373.7269397030509,154.42855673662956,250.12701465431923,148.14240566519803,419.43050824447073,152.47218319527946,208.37895638946483,146.21077867945453,328.4735415972428,235.55038450132213,293.64801343583383,234.5212937207857,1
333.6155173978157,153.87864574569477,284.40178074166295,149.8734568944693,376.5322437256245,155.7170225953955,252.2246909480524,150.34516155089685,412.3008098873482,151.06004420597003,211.36904073175847,144.00645282253402,327.7684249998457,232.924453380496,297.54502801156906,231.01372458718038,1
333.63069374602736,150.69835549933208,282.58125678811217,145.58789856086068,375.7860952079013,144.82695791232408,247.4341885776128,136.99972656766153,421.5853250271524,125.8659491831354,203.95345534193572,119.97432882135564,327.7574316811222,231.99390959790088,292.79025446935475,230.76962912561524,1
329.56030774832146,146.2396336458702,288.0667803675454,142.95917422272439,364.7992483322842,123.10908924449573,263.87328474819185,114.69808243797898,381.3333337190215,78.95711338293225,243.4970345278675,73.88272662495457,327.61944642752457,230.52876268834441,291.8828526115719,230.73297609486488,999
334.73285524389377,137.66860348981731,293.57759448589303,135.6867190596921,351.78307314807955,104.38281843576571,277.63210688345424,104.20810949474762,343.70511553675453,64.15151003299253,280.4568650183896,60.956923502948264,325.7864645043444,227.08653909207396,295.9286185651782,229.4893790601928,0
329.30123857977264,132.00168666073432,292.3970052227966,130.7394202718271,342.6881488239595,102.00553845653573,275.00734951447157,96.71804867637586,333.046830645858,61.19506295589261,290.4367899480401,56.747702342511225,323.86615337353743,223.26349818933338,295.92522209854485,225.5531435234602,0
328.38638522613667,132.8357001338902,287.31134809400606,124.6413442599597,339.92529653636575,104.7979568578224,274.6449917978585,95.33521140100588,329.56686830445295,54.10953868519176,289.1116646379468,54.497060312025134,324.3065153968654,223.93673741540243,291.3562995223637,219.95471075271703,0
328.93523494967536,130.24114838614273,288.6250678811216,126.14624475071848,341.5240965446966,103.02032406183932,275.04600874432265,94.19528888597549,330.66258917110974,53.430436116192354,287.9288283795542,54.72180775809741,323.54256953108364,222.6617482449489,290.8197841071781,218.71678326145033,0
329.05372848631265,128.00296420526806,288.26417220900595,122.86747615886793,343.3582748244347,101.49100434704512,273.37891058899214,93.37764360939977,331.9557409301565,54.75989166324285,287.3848325419011,52.40261440801318,323.99175170850225,222.14428730293255,292.7228998120927,218.27982654531206,0
327.0177149960968,128.5471058496713,285.5840606448398,123.28638701811904,340.255800943239,100.34875139877609,273.61649089891574,94.63305225331989,332.3858883633244,54.888525674509445,288.24795835956013,56.06577673623728,324.13262197003354,219.8900112289203,290.94409382173797,218.36824413081808,0
328.2938186139292,128.78018788505054,296.9771630165136,137.5258509049204,341.68828304345004,101.8666937991378,270.85766495498245,101.39954645588332,333.4498593780855,55.898387719410415,286.4331729641834,53.149255990478,324.1770499954103,222.47589474248582,316.34688439150744,223.17308357351678,0
327.8338353065141,131.62106342597946,290.4605444837332,130.42446338097085,340.4731429884972,105.53875396922072,274.42942397854335,93.42062113400998,330.25773613373815,59.047105881930904,288.4671815989707,56.55497512656085,323.5296681254961,222.82479437410703,291.6559859964331,221.6495396168489,0
328.6709392240262,132.82244531095154,287.5232020373593,123.73089006032802,340.68247959323776,106.13007624103957,274.39716953801883,94.5833195692389,329.8826331549911,58.414336642049584,287.7899777380776,54.98058940089026,324.4868713909227,225.74945131265588,291.3360190730524,220.8228300388973,0
328.30333739848686,130.9124317128865,293.1974438129443,139.09971015397892,340.73511397857425,103.69831367476546,271.1385300863787,102.06006749739858,331.0844279164198,60.71690291229312,289.2285243029843,57.778853724925256,323.89758388766364,223.64099692088604,316.43652218401337,224.41721264958127,0
328.95650131442534,131.02037296738735,290.43507363558945,125.20814085107524,340.18451853386034,105.14581853693181,274.25599343780465,95.16265482025469,331.64613648425154,61.188314570937045,287.65371699280456,55.0794721607426,323.21884908570684,223.79849230260223,288.95377257047295,227.57501912671464,0
328.6787204832827,133.41638932016383,285.99002687475314,129.72405205821386,342.1103956273758,105.10306747468782,274.1369800658022,95.07411577736852,329.25680199693915,60.18739470467759,286.91000023912665,53.449200555587666,323.5355374033417,226.2259941826915,293.7553241844237,225.1822702678011,0
328.10643875580075,128.49274520390128,285.464912402498,123.86967084372522,343.9317688181125,102.72434162035049,274.3481715294234,91.08117198339224,335.49368763421944,58.510456246503054,285.57550077754735,59.82530799526997,323.08759089706444,223.38252545411189,289.53881672020015,220.86758635764897,0
329.8110711216738,141.06798651858566,282.31878440338664,137.09753992189565,366.398247934254,124.0574749226802,247.53632242645696,120.03879087419892,382.5593901961147,81.85884052300806,234.25911401685377,79.9461151832758,322.2515858293144,225.48261356152136,289.4305260825496,225.35818700810566,999
327.6322438027621,147.0440159489186,283.03400265662026,145.97190494013134,366.39800205803215,169.38689733912526,246.0182573219046,175.35840145377225,413.3306528004048,174.979792427563,217.0301265626157,188.61701594346673,323.1964019727179,226.35935487001188,290.4476353794477,224.4939357281739,999
329.68151363716305,147.0709936412142,282.57199352198114,146.70946734148148,342.1714033033422,194.1588723180662,270.9732115927842,194.48929197944494,355.544367062537,230.49190787381903,263.9999399290642,231.89602535320387,323.42006303687793,227.97196095892036,288.21815912569116,225.1788423630954,5
331.40765631556695,148.19596111144372,281.95854584752664,145.3680507829275,336.1236227556804,193.39464844911345,274.0265311411395,188.3690727991987,343.0495680677947,235.62544002089388,270.886278920829,228.69325956380897,322.93084480562857,230.35631885488237,288.4816434598082,226.11857408196929,5
331.18786900717686,147.00251163942363,279.7799108906003,147.09137991165258,335.83789578357954,190.73871886755396,272.7469710942128,186.1827700334674,343.91867494507795,234.03477997406844,272.16180882747705,223.64189551194173,323.5239537481636,229.03764978775766,287.5294453649536,224.15124711728245,5
330.38281384990864,146.09741960469057,279.9817203081803,143.70729482703177,334.99616192038775,190.3016302903157,272.0752628079334,186.46998908000566,342.40261373173377,234.93620955162774,270.87115319419246,225.07514195512766,323.17076238599054,226.2430542266394,286.641450372729,224.9744397540425,5
330.0970637365163,145.20194396408112,279.65630650331997,143.6752252397275,336.4455530730092,191.97421987263394,272.1404754494039,185.63073523200842,340.66852298393064,231.86184066546642,270.5019931883608,228.6406186771191,322.0070442091232,225.47469911313206,287.78732179277125,223.61353255225538,5
329.4154172297714,144.45966728645953,278.8753949447077,143.42059250361822,335.3352445147425,191.81744113785015,271.6438862347113,187.9060533132412,339.22153274029915,230.92287930575282,270.6442111288013,224.33653349604214,322.34663880455173,225.2964456489676,289.3888243905741,224.03653691233336,5
327.32230670079235,148.20299523577376,277.4685153087357,145.55024338575043,332.718037730333,193.84139143639337,269.23528734541617,191.4820097263973,336.399131642322,234.65617915792646,264.59278076557564,232.32037759986537,318.10311074882134,230.42447289755177,284.4163191375009,227.52626705371298,5
326.4699917231314,149.51938782383473,277.230648384275,148.17431024466708,332.3936286432106,196.1801504332722,268.79153186864386,194.12873304419486,334.4016139315203,238.3433106888172,264.90138109638036,234.19623022099628,320.06330685969584,231.22213916093048,282.729889958579,228.97402644409436,5
325.9468548670764,154.25207093704577,276.5098723642069,151.16042074643028,332.2029125822287,200.73417228069667,268.39004974606286,194.08479783298097,333.0344928422057,240.06202068691778,263.99803728100625,234.53029076090323,319.41544639744086,233.87252731000646,281.8090285170135,231.9914023014254,5
326.90319573521424,154.7750344185698,277.16280679567166,151.86636757396997,331.1031521138798,201.84330462401311,268.6358061635287,195.98441557450727,335.2066052091818,242.42069494396637,264.4927342130109,236.01598888824654,319.47561471948126,236.82350336119185,282.9883414083182,233.42474455561242,5
326.04526417326963,155.29302443812816,276.6711232937154,152.24867367089172,330.7621985702153,197.3306224411688,267.89233612976557,196.4210992534871,338.08849075582543,240.31368231420535,263.64167344513663,235.91473504806422,318.35768351622664,235.2781966221509,282.8863486219168,232.868344909797,5
326.05254693053905,155.17427607772214,276.2298622553194,152.20035262642148,330.7416785121152,197.2439439705008,268.059787238002,195.96207261841593,332.6451876189848,240.7336519334079,263.16621656854755,235.34040616380236,317.4223074528843,234.119038491118,283.3181581301335,231.80699806132728,5
325.2788548522274,154.66525714946852,274.85713530867395,152.4116166096661,330.7946621863198,196.82318790266427,268.4362943628199,196.15859707112543,338.17007537890004,239.1977028715686,263.89224975971626,236.98154989811127,318.3313933217318,233.71326087645193,283.3339260878721,232.24522887022246,5
324.85623858362953,154.81828661348047,274.6414738997087,153.40543363865535,328.7892406397333,197.0489492275246,268.56734928173285,196.3048191756073,337.045024853747,239.6658838122894,264.14471618748763,236.1323924800558,317.6675870633238,235.96881890649775,283.4368228159056,233.4654681022273,5
323.6168943197241,155.62733660288643,274.63760930403333,154.82327616491983,328.1880127724501,199.00324734774503,268.1724968981027,196.44989239489047,337.28448033144497,240.81597487467792,263.91296121558116,235.03091050000825,318.97861378264463,235.02747388521158,283.9521411696881,235.76677334485044,5
323.9763401507578,155.80644789004174,276.5355963202261,153.6924199473278,328.0607412136373,199.49545459061798,267.5056685316619,198.0719273992623,337.26866036606435,240.98664910798342,264.7472708221484,238.48753044015507,316.51715946046846,238.36467896153002,283.58643397712405,235.36208558032175,5
323.97103989105466,156.6528475965052,274.7355336073262,155.7823030338731,329.26648469897805,201.25893784375825,268.69330925964067,198.9603883771513,336.6313646265304,243.54479122363486,262.1309899304527,235.5631435144275,316.62606201653983,238.79545683588586,281.2417645928984,235.95063997877574,5
323.8763369881146,156.65275662444358,276.27953841222967,155.76605145573365,329.5059264365342,201.53125835523545,268.3524635881421,199.5231836492365,336.699305529843,243.21422778526772,263.77501187919626,236.36830819837638,317.0888902564749,239.9642825781921,281.3798521743943,236.05456297795817,5
324.01887179550965,157.2824642673355,274.4127029491262,156.298582064929,329.0335126397734,202.96177770221806,268.62592808631547,200.24461096991442,336.9424337233412,243.05623254110645,263.5422541179928,237.81542110644736,318.7734575557859,236.0851760444883,281.98741412652424,235.93857166378996,5
324.39879503295316,153.92232140829395,276.93510709404,154.9521536958142,328.80735303930004,197.3398120710764,268.60584855644623,198.87506093837746,337.07958733677674,240.64637391814216,264.371592203776,238.08384965892571,316.77833858447804,237.42231292402013,283.70945525207037,235.3095588926029,5
322.3922030432341,154.27265772103758,278.0157779253678,152.69059017899173,345.2480245050849,192.10051570835878,252.8496398443671,189.97292887584854,369.9150724245285,225.39238959991906,230.9091403473045,220.13182900168678,316.2159668740126,231.88330039413484,286.3965675390162,230.98667443176655,999
322.5813604418135,151.8100672393218,278.74019098507847,149.18834436267426,361.93775918246445,168.65330250520282,240.25902047541467,163.80359448035725,407.4276969632454,172.18616187194436,188.8192830982178,167.77622972936004,316.73921847230446,228.27590974642408,287.28246173587456,227.48281289356706,1
322.5209862587011,148.5363645331804,277.9316217262786,145.43636620422748,365.076686383047,150.9783067763734,242.26658150671403,148.8164834794736,406.02226558643116,150.84026030203756,186.67426472403238,144.61734945123845,316.70257146512915,230.0722489145291,287.8335036146697,229.97442104347664,1
324.84056421554106,149.41834423557142,276.10372823561534,147.73700633462337,362.9331586937204,150.23433144954495,245.27389984371914,149.4790784904367,406.44078644907677,149.52515680744582,193.894696710234,143.36112411531283,316.02386149184963,231.40876979706906,284.92445428977834,230.73939156078634,1
328.5431997772265,152.8270279479077,279.54597943202015,146.52300888085716,367.43787141772805,155.29597655411249,244.42545066700913,144.60479736328125,411.4354311685426,149.42228530980566,193.77764709376234,142.65820718970912,318.47139692984484,230.9252806294544,284.82824437049516,229.60638485801647,1
328.9913034062438,149.69085927241449,280.96930095558105,147.34429119505288,365.94625415771867,152.69868427300804,249.43252804531681,147.34093212426086,410.41145891186557,150.85430145263672,203.94064567288703,146.8519655191369,319.74862482875443,233.63807827423287,288.2618209573706,227.7115536139329,1
318.3858505658817,150.49038683385223,270.0793090627468,148.3108786649482,358.800026651054,153.7301245401072,233.14030314320448,147.05540372755763,394.8821606869569,151.29495923161255,190.3802229894846,146.43435391512784,310.19028601864875,228.5297041362738,278.22208133354,228.65398963460459,1
295.6962452868903,153.44972045930697,246.91358328242248,148.391947353113,336.45911242347944,159.09416101951678,210.68928759244943,145.01393550042118,376.63591381874505,149.59903434769546,166.54185025424565,145.88113006527277,285.15845227957146,231.02554321289062,251.84467044486817,230.56164183021852,1
276.95492712807317,151.3959696731406,228.34074915302872,146.17716361805952,316.8493025600439,155.6503659625386,191.95335255603277,145.92625559510438,357.4291394370803,148.13899372899255,145.02363593657435,140.55107769956044,269.34712559125995,227.5725107112344,239.81304391677156,228.435585554256,1
276.9406952338196,151.24170234793084,228.36255885601796,147.61186313427527,314.3515197850328,154.2755729495597,191.09892207864334,145.4792595312913,353.18926240218946,148.29949651157628,142.0648453698904,142.0327878149569,269.85046193874655,227.89311915068998,239.67014595983903,227.39867147885215,1
277.0009821549788,149.17762345037804,228.98693645169948,144.53611974736347,315.2212596730598,151.1617616165516,194.06443514530127,142.86684967750725,352.2960529056205,144.94383027639248,151.3093169153584,140.13823245090862,271.10996577788677,225.59203069255418,239.6067778721428,226.8589173008473,1
279.3309196966331,148.88019077873633,229.93140342676242,145.93977772408257,313.0071505626419,149.28648870036668,195.200489881856,139.90252795229503,352.90913417629343,145.3025678953207,147.17141198132651,139.16268653143788,272.30769683211145,226.92018020984736,239.26379066696285,228.91176768135568,1
280.51953790312126,147.29860168682848,231.91486665987853,146.00773654578856,316.407381994841,148.58981400665218,198.69114301780954,143.5764240160049,349.64001214146424,146.36771763606,146.19186714738842,138.7202920570938,273.9078901390329,224.9259313216421,237.67603291154472,226.20854545093238,1
279.9800705269426,147.43502324529732,231.11736761638525,145.7149592514522,316.271599502925,149.25458460479155,192.3734350942699,140.42026543970087,359.0129371389958,145.03057794389463,139.98254471668886,136.9944497041924,272.7806031044814,224.1630550973259,238.10716577804106,225.21768936899196,1
279.62323663359,149.386618454915,229.734147058279,145.92119637805865,317.84687518320186,144.70620411395018,191.07486357244457,136.80444632725786,351.4516042796733,139.66322582317457,145.1530410742496,130.10250802271966,269.33981221999034,227.79047217984026,239.2826450341874,229.40964712905077,1
278.5276611231703,145.48701229861624,228.94916745347055,140.74141012437752,315.0266428581346,131.10090937221275,195.6376632280636,120.21406500334467,340.44898733708527,96.17392154879096,161.98338416703692,87.11739247747505,267.84760292860756,229.09727907079974,239.48058262443843,228.7472263199078,999
274.93447157632306,140.98124369002295,229.358628500506,138.90857446521332,301.64154197367446,117.73373496960888,211.63100593651262,113.50701620412427,303.0376801935229,74.74707879677383,198.47204536811623,63.84687363219311,268.9502454519648,226.6900344429258,236.4795432911853,225.84081798980904,999
274.03539311076037,134.77822946947674,228.52158870365568,135.46425656082766,286.69654207395337,106.49124693920949,216.88321853324322,102.86541412547072,281.27940486769353,65.3797712588159,220.65201986834145,61.805975432123745,268.27348320405065,228.30772528940727,236.5426110242027,225.41256217069403,0
271.1538394970163,135.59095741578437,234.34551977244973,133.32442624372356,288.6147818181187,107.35534797007135,219.2041730353429,102.65876624851347,272.58746443954874,63.50643585398635,233.24519345733978,61.75378553459054,269.37048937660444,229.6158217577299,239.1100717457173,227.07248340953478,0
273.2104934523644,132.68230381778127,235.04393401304125,132.7573277027864,287.0300755794579,103.70180351789607,220.183420286736,102.06714783360034,274.0140286365768,60.930559993042245,234.92689376758736,63.23217577460452,269.15133483790294,227.23795548049893,241.2684431271907,226.17770930929365,0
275.4254068431884,130.69113636621714,235.67117760343385,132.44906016182446,286.5495553400844,100.38121487575151,220.58341847400152,95.16665565539111,274.5095068282237,59.86068499768763,233.4398782498087,58.327858019580795,269.084928732536,224.86908394488924,239.14673815782976,224.00371753136147,0
274.08264286710187,132.2393763342569,237.81335502250874,131.53599680604188,289.55055658662866,105.36335983437665,225.60565291611127,99.67725564259051,279.53959050713365,64.21898777338717,234.2150956043888,59.460304373162494,268.68507204462566,228.85475868402523,238.1025100394636,224.9529026023429,0
277.7079495735831,136.28478681310287,238.76727642041246,130.9389394231881,289.0074420464924,106.27047710136429,221.87502675711823,101.5197244204628,276.304340573472,64.48271414694271,234.19993613003552,60.893983417535175,270.26822106721465,228.97869880305282,241.3998557719009,227.0903961955871,0
275.3761240882331,135.7395931832634,237.08587067952087,134.1523184584765,288.0538607773622,105.55341208459963,221.29856055381737,96.79779052734375,275.890261874568,63.723168080755315,233.6138274809007,62.17090308288187,268.02460668964596,230.7487045836499,239.87324984341058,226.94189640230658,0
273.3183074035162,136.374819152703,237.55164413090563,133.29686945134944,285.51277630702015,105.71662370548691,223.3013894320664,105.04674609065307,273.96787140230055,65.14076007092982,230.3325266182705,61.252942720376915,267.5574700112968,230.37810497001664,239.45075108918343,227.53603396909685,0
272.32087435127244,133.68817706440768,235.06229662782206,132.56992912695725,287.30127464161853,106.38365215277318,222.12397426225562,103.28162679208509,274.65978830346563,67.09363167180067,230.94946019080766,61.956537097503464,269.42295646968796,225.18747115992088,239.10773351105843,226.6664600977182,0
273.05679152550476,133.96371208336086,230.99039135009377,135.5526552744698,284.1894270910471,102.47750151232987,218.7183493422859,103.12644006838002,275.664649710271,66.81247707149191,229.65203886348488,62.50298594823599,267.60272027568607,228.2197088519816,236.60095696953988,225.75789114889582,0
268.9911819144636,133.034509896728,233.3941291218497,133.46085723812433,286.89434515544775,106.18338006243393,217.68135504699995,105.08561438788318,272.33318021512144,65.47024587748166,228.23313346971267,61.55777654990585,268.120998967127,227.86088141023984,238.26827713663542,225.25659928110133,0
271.6889348564931,133.35946210091006,231.9578062904201,133.19261159755715,288.3190153824021,106.75393941286502,215.82702925984893,102.37449984721854,276.2154674078051,62.607816974406006,229.51483993168688,59.05871885271455,267.7434177609605,224.10022437194436,236.21979290086887,224.14129196715405,0
272.4072497037914,144.04889903159273,227.84067259392276,139.72163968560054,303.85716973134504,120.01388582064283,204.6035614736837,112.70488843857359,314.199164271543,77.51278383283231,188.69318475467145,68.5816016812153,267.9354496815758,227.33331482707823,235.13312799294036,227.26095864939134,999
271.7745470285039,149.43306840247382,227.45227205056526,147.50436258618473,314.63603666043394,159.81512960873496,184.05723535619074,161.4401345121936,350.7410285069856,148.4563241196485,136.364441400079,152.66178397245184,265.58783267534926,227.4887193030585,234.84242256972084,228.46270248703422,1
271.9241289617891,151.28706643747728,224.80141879257997,149.46449465277834,291.6563070818523,193.2958097236101,206.59103731031854,185.07149984670238,315.4445017834222,222.84351018216088,182.43674810087134,222.50725421542595,262.9366024071571,229.68930589220236,232.08893617747518,227.93204454740558,999
269.7998606122877,151.14062270956865,219.71857200489976,149.67331303602543,278.29537679422145,198.46225343345336,214.9778504092923,192.51210113912504,287.8003006825138,235.54907962081296,209.06042053801187,231.55828576763386,264.14842024045345,227.8939964504121,229.00713446015993,226.23390826816032,5
269.5294498003678,154.46214284755715,221.6414412126345,151.24655338472846,277.90612846000874,197.3582508498468,214.21270819448557,196.7130213408843,279.47553348390596,240.9757024591619,211.02270768152027,232.56726561338652,263.1384976403596,231.30880505035591,231.75890881868332,231.78962820428117,5
272.149853939882,153.91513987777097,223.56188829852883,151.56024828017638,281.1255712042111,200.37770503167118,215.58875205957492,196.37202260862193,285.8488196784286,239.58156335681485,214.9515696159471,234.77302212543768,264.9013703694276,233.52295845305943,234.08114802404225,231.28392806264864,5
274.6527032113941,153.98715206734977,222.80833456753552,152.38309299719006,280.1214929854888,200.61442691730394,215.85488076835256,195.06995895196215,285.5743533551787,239.69595588538914,216.03115810978844,233.83777126449357,265.47841775662147,234.09439304666336,233.17328189409926,231.69966941656068,5
272.9991754950693,151.39586128089695,221.76174266266784,150.38204733463473,280.80362449513416,198.62077031528722,216.5265108322457,195.47881039706144,282.9168701171875,238.38559866455594,216.76776325533174,231.48393885025766,266.02566976682834,230.49709715248414,234.20658828711245,228.61234281834285,5
273.5178214942486,150.97548615856854,219.48536756855992,150.27901518420487,279.9472267669147,198.55855800636726,216.1939951819831,192.68409108006676,283.17568328519945,239.74405687908794,216.17699404651705,229.183187061334,264.01227134475585,230.0392432343884,233.72657474560006,229.77450848633845,5
271.6527799633442,153.9663349498402,220.27538329692436,149.66599655957856,279.470896788683,199.6208503836053,215.43341758691867,194.15157616516498,282.2616736244816,242.00435162598689,215.12450641553735,230.4084313293844,264.9497592919999,229.2881674897595,232.22067762136834,228.89109863539326,5
271.5320393108832,151.31162744243855,220.5746676910545,151.5421230646823,279.6765469374815,197.94530953211714,215.61573649281385,195.27263546594855,283.2632653596465,239.37614166711398,215.7749362843108,232.6505916668043,263.550630060229,230.16242327700203,232.24424654461947,230.32790460243788,5
271.67395376292825,152.34638335084813,221.46065903312598,151.14195486959895,280.22784674525445,199.1786671289682,214.85356938029162,197.7123697615577,284.0434605024437,239.09950240217856,215.95907829007453,233.96025437885308,265.63960745812966,230.76823696273576,232.6547299064166,232.03344784629772,5
271.12988319818817,151.6262303648741,217.41855422467415,152.5403130432516,278.32746219484346,199.100131141711,215.09552146586196,195.92090655078846,280.9483498909274,237.8066490770142,214.44842153250886,233.18531528335797,263.47154662507404,230.27839596125338,231.23316808522782,230.6605768506169,5
267.7433470715467,152.28993663828166,217.16903324940756,151.58891077021462,277.51078577026556,197.96513079588811,214.23486670423267,194.45471851316617,278.6043405156188,237.20793871244464,213.44620811619086,230.57450639269064,262.3599739737608,230.23878488681783,231.99040803110805,230.01266414972994,5
268.1016523653485,150.92785647757208,217.31295858325927,150.16018147700433,278.15746337504936,196.71705120965743,214.19287225081456,192.71993213677757,281.3967794264662,237.5032562836532,211.04099074811165,233.51405976438622,263.567633124136,227.92732996870043,229.94179579507306,227.0687588778409,5
271.16099955722996,152.52379677512428,220.79960586523745,150.15621693391375,283.1184683704828,193.43738596232697,217.2713306541503,195.52899092498842,291.0637984192955,233.95777599504078,215.68474743980178,231.97583156206642,269.29865495100216,227.9294652717058,233.78062303973977,229.47979142751552,5
285.7262952180835,151.95256094095822,237.6214069288112,151.1979012358264,294.2573395498556,194.91365009332054,229.93507035723982,198.17261363184727,300.8021931098347,231.04677260804124,228.6425930704174,232.6527239454725,284.634618292111,225.78654444494913,246.8641303425528,228.9974014249967,5
319.65400635537,155.37097067964,270.9073382192313,155.71925431426936,326.85975929007145,196.73935279281648,262.26873557526164,203.22399664630848,331.836601365799,237.4004036578769,256.8672617690823,243.10493695055453,314.63181192841006,235.9811221519938,281.30624490891586,236.3225536064164,5
349.65851661718284,153.93593219571588,301.4793128424911,152.2187860823585,352.08555128148754,196.21905357086632,293.52141201025313,194.09652433738142,362.679245694177,235.84304132118788,289.0178216388817,234.75895629624733,340.9058362047819,234.2319492154595,309.5072001717855,233.05138432702353,5
355.6699505123482,158.5025009897244,307.99832360627715,154.41693457186096,356.8261183607635,195.9192955468724,301.3066402393118,194.31565776687847,366.6349226000938,239.4027897066596,298.930123375867,235.71034405246596,348.31194824893703,238.064474061478,315.5865322131116,234.9316590129699,5
353.85019648884895,159.33022771274815,307.777359948904,154.62061590674563,357.7002305065474,198.1959578854841,299.36094089706927,195.29112018440037,367.85292783619667,240.8257650169711,297.24053574211035,234.60952307154713,348.784899960197,234.74008189195305,315.42375038773713,234.93129996366278,5
357.817500808981,156.64946735535312,309.5779086289247,155.4597298942711,361.82327704407027,199.00086368617244,302.18838708283965,197.51709097283586,369.3820040975513,240.65232387808865,303.0010595818831,238.54678373760197,350.6451808935469,237.4935065465044,318.25998122469883,236.76359148408594,5
362.11501520768536,158.66266891769828,315.2853060898622,155.60871043618587,367.2451073524511,200.94346705753253,306.79147958378843,199.2420093302495,370.2539849544965,240.18425713633886,304.4013839649363,239.3838733245656,354.19717460258687,237.12527571470488,319.7485698681872,236.76877882717525,5
366.27316346854013,160.38751759438384,317.14243522752514,155.6698489844421,370.3646611941369,200.10520644722226,309.25360452130695,199.50029740121852,377.79947434556425,242.23406092057016,303.68615703371836,240.35092182441693,358.8246757422955,240.04059942781797,325.17478279969515,237.9188398881392,5
366.7196308154065,157.71237113259053,318.8564017297344,155.0518069358003,372.0654588702354,199.69033948966867,309.26890682081853,199.56875387760346,373.95177627250104,243.3747857317612,305.5627128034594,240.36914236701818,358.52592022309744,236.77339203009896,329.20817057291663,236.44394808037336,5
366.43400629173146,156.68937336314806,321.4132126360708,153.3751043759239,376.5654606389773,197.2863524358318,306.98945809314597,195.44871037908638,387.16887608146965,233.47815870482623,299.4343556499029,234.1534336727215,358.7540449049047,233.5598724236196,326.6873855952403,233.23991255326703,5
365.90076380243045,156.13624375163877,322.9248509700829,151.7105948546976,401.04806330531693,181.99608623351403,290.09751258114875,177.87535161347014,435.5795100062944,199.82845370915675,261.0399093748457,192.7603503463132,359.9187256148641,231.2035559398175,329.9488948683415,228.7371131784064,999
367.57844271064744,153.10713673242807,322.45743255856286,149.78901111046304,404.3730623989497,163.30582935260668,290.0727604388437,155.18445230689662,454.16136923936114,160.9457675296711,244.58528202291913,154.36430657640824,363.70829342665826,231.42389777346847,331.15293626348364,227.6305907170818,1
366.8610812363466,148.9119010747865,320.98456842262783,145.57278371008454,401.7508845758664,149.30218912330287,287.10490053487234,141.98687208631324,446.82789975809635,141.6752182555249,242.8748734942733,138.11830064963084,358.84521484375,229.70566779816124,324.33972592225757,226.76791191101074,1
365.20145374075116,149.1785537364871,316.5061789176664,146.87511282793815,404.5087663068967,148.9268340419261,283.5677362957272,139.53375915140228,446.032279016094,137.39286813877098,238.68126843589553,135.07170340475523,356.9389790418965,231.1335493091801,325.5022836597798,230.72051292242006,1
365.72745951431057,149.19845387497108,316.6665432464455,146.94785079794755,397.6101284418814,148.31530097171066,280.04590268007007,139.10920995990517,446.08070216849325,138.5641183107146,236.49415653463788,136.16500177040663,357.71150356973703,233.1171505950218,324.68990765853323,230.3476832835417,1
364.45882565225656,150.63233034807328,314.76427123444904,146.9949993673893,402.7793467251987,152.0825738080208,282.76836853268395,142.5254450791986,447.66503983387634,142.1460354504575,237.5132175343108,137.53570126176635,356.20562151145026,233.20337202785885,325.74232441930786,230.27536630126437,1
362.80366918675327,148.5402710089976,314.62226277090735,146.73356949400952,397.7367980860609,150.30983438955553,278.9532523735251,142.42250148136065,448.6678233455519,140.71244592646462,242.0186804218503,139.07326534989016,356.0971103083654,230.35098392413988,324.52481286408965,229.4917271555604,1
360.08046805576123,147.83476283131895,314.5475183279028,144.94974684765677,396.78612104901015,151.7427943675261,277.87698417289937,143.80232700081757,446.89124518661134,142.58152330652604,236.76980354586294,139.35296778447028,353.8783965630554,229.1213887236839,324.05857755109594,227.67420631634508,1
361.05399760024807,149.5238686817645,314.1015133247556,146.15326155567774,395.2501853231758,149.93510982198896,279.1772133102537,138.46734206217792,439.2062652732523,143.04095157357148,227.86881433279027,136.49226952808854,354.00567559457687,230.37591172071137,325.47464910088365,229.89725495997743,1
361.5051939664482,149.54069972290296,313.7885591769105,146.54865386874175,396.42777332950726,151.6617334216644,277.94804842739495,138.49684410821055,447.75273375789885,141.14937312507226,228.76077998494273,136.34668326025027,354.2871262488583,231.0130093919298,318.9032146339356,231.83643550751827,1
363.02747633031566,151.08383533566496,315.84793934513226,146.7058700738951,398.9675319966923,154.83156593355014,278.5552380698929,142.90415402950745,447.94991106030307,142.35403314957406,238.8281934596539,136.79290594056596,355.6093169539272,231.712259853113,324.42903009447815,229.20815998101585,1
360.9714694874358,151.69692775411787,316.2094636889995,148.18307961268354,398.1488528861818,156.03207311973006,280.65715169077987,144.31343804454198,446.4407208820843,144.0262907806461,238.23456340868137,139.33613347704767,356.00681588171403,230.85289324060807,324.78894081537567,229.49222653411155,1
361.935577151523,154.23601485206007,315.4692108973884,151.03326599895323,400.31841356419085,157.61853708021232,280.18014266027654,150.1207257325251,447.6321618440215,147.43563597600505,232.9895318439598,142.2475084945969,357.3939027228815,235.1460724199549,325.0449249605055,233.33303092650075,1
360.48712948863914,157.20537439713266,315.55761930878504,153.27856039648074,395.1013352332333,156.55777138837044,280.19852624685274,148.1296676409925,447.92324843564865,148.74959578725802,238.40350544283174,143.19018857927705,358.1198009231832,235.904233581672,328.27550324595177,234.32080968489856,1
357.99093815952676,160.23241531017214,312.6239707910619,156.21215691274114,394.84239623444904,161.34107271158166,279.2769291351945,151.83861891764667,433.9322068152646,155.99064429769052,237.3836793342096,148.10315702732723,351.3377686511095,239.9055289012433,316.0666351559414,238.79289703691737,1
342.1179413757806,158.48504378982125,297.04330468441447,153.1192213788345,381.5534999660594,162.77195215729276,260.78307912624655,146.30600588518266,428.83545114719095,152.2770354208432,212.39891016087824,144.3862444855446,336.577737576212,237.71714079455643,302.04627062660444,237.8403793883374,1
338.38697195429745,155.903504676093,292.23749386755776,154.72094889675083,373.57402301324294,160.9850941954405,252.86590961860065,147.06082043637684,421.442564471638,151.8442865254763,207.33150825681278,143.41610729064294,333.2421768935747,237.13108268399066,303.87374371713935,239.08047085332566,1
338.38697195429745,155.903504676093,292.23749386755776,154.72094889675083,373.57402301324294,160.9850941954405,252.86590961860065,147.06082043637684,421.442564471638,151.8442865254763,207.33150825681278,143.41610729064294,333.2421768935747,237.13108268399066,303.87374371713935,239.08047085332566,1
338.38697195429745,155.903504676093,292.23749386755776,154.72094889675083,373.57402301324294,160.9850941954405,252.86590961860065,147.06082043637684,421.442564471638,151.8442865254763,207.33150825681278,143.41610729064294,333.2421768935747,237.13108268399066,303.87374371713935,239.08047085332566,1
338.38697195429745,155.903504676093,292.23749386755776,154.72094889675083,373.57402301324294,160.9850941954405,252.86590961860065,147.06082043637684,421.442564471638,151.8442865254763,207.33150825681278,143.41610729064294,333.2421768935747,237.13108268399066,303.87374371713935,239.08047085332566,1
338.38697195429745,155.903504676093,292.23749386755776,154.72094889675083,373.57402301324294,160.9850941954405,252.86590961860065,147.06082043637684,421.442564471638,151.8442865254763,207.33150825681278,143.41610729064294,333.2421768935747,237.13108268399066,303.87374371713935,239.08047085332566,1
338.38697195429745,155.903504676093,292.23749386755776,154.72094889675083,373.57402301324294,160.9850941954405,252.86590961860065,147.06082043637684,421.442564471638,151.8442865254763,207.33150825681278,143.41610729064294,333.2421768935747,237.13108268399066,303.87374371713935,239.08047085332566,1
338.38697195429745,155.903504676093,292.23749386755776,154.72094889675083,373.57402301324294,160.9850941954405,252.86590961860065,147.06082043637684,421.442564471638,151.8442865254763,207.33150825681278,143.41610729064294,333.2421768935747,237.13108268399066,303.87374371713935,239.08047085332566,1
338.38697195429745,155.903504676093,292.23749386755776,154.72094889675083,373.57402301324294,160.9850941954405,252.86590961860065,147.06082043637684,421.442564471638,151.8442865254763,207.33150825681278,143.41610729064294,333.2421768935747,237.13108268399066,303.87374371713935,239.08047085332566,1
338.38697195429745,155.903504676093,292.23749386755776,154.72094889675083,373.57402301324294,160.9850941954405,252.86590961860065,147.06082043637684,421.442564471638,151.8442865254763,207.33150825681278,143.41610729064294,333.2421768935747,237.13108268399066,303.87374371713935,239.08047085332566,1
338.38697195429745,155.903504676093,292.23749386755776,154.72094889675083,373.57402301324294,160.9850941954405,252.86590961860065,147.06082043637684,421.442564471638,151.8442865254763,207.33150825681278,143.41610729064294,333.2421768935747,237.13108268399066,303.87374371713935,239.08047085332566,1
338.38697195429745,155.903504676093,292.23749386755776,154.72094889675083,373.57402301324294,160.9850941954405,252.86590961860065,147.06082043637684,421.442564471638,151.8442865254763,207.33150825681278,143.41610729064294,333.2421768935747,237.13108268399066,303.87374371713935,239.08047085332566,1
338.38697195429745,155.903504676093,292.23749386755776,154.72094889675083,373.57402301324294,160.9850941954405,252.86590961860065,147.06082043637684,421.442564471638,151.8442865254763,207.33150825681278,143.41610729064294,333.2421768935747,237.13108268399066,303.87374371713935,239.08047085332566,1
338.38697195429745,155.903504676093,292.23749386755776,154.72094889675083,373.57402301324294,160.9850941954405,252.86590961860065,147.06082043637684,421.442564471638,151.8442865254763,207.33150825681278,143.41610729064294,333.2421768935747,237.13108268399066,303.87374371713935,239.08047085332566,1
338.38697195429745,155.903504676093,292.23749386755776,154.72094889675083,373.57402301324294,160.9850941954405,252.86590961860065,147.06082043637684,421.442564471638,151.8442865254763,207.33150825681278,143.41610729064294,333.2421768935747,237.13108268399066,303.87374371713935,239.08047085332566,1
338.38697195429745,155.903504676093,292.23749386755776,154.72094889675083,373.57402301324294,160.9850941954405,252.86590961860065,147.06082043637684,421.442564471638,151.8442865254763,207.33150825681278,143.41610729064294,333.2421768935747,237.13108268399066,303.87374371713935,239.08047085332566,1
338.38697195429745,155.903504676093,292.23749386755776,154.72094889675083,373.57402301324294,160.9850941954405,252.86590961860065,147.06082043637684,421.442564471638,151.8442865254763,207.33150825681278,143.41610729064294,333.2421768935747,237.13108268399066,303.87374371713935,239.08047085332566,1
338.38697195429745,155.903504676093,292.23749386755776,154.72094889675083,373.57402301324294,160.9850941954405,252.86590961860065,147.06082043637684,421.442564471638,151.8442865254763,207.33150825681278,143.41610729064294,333.2421768935747,237.13108268399066,303.87374371713935,239.08047085332566,1
338.38697195429745,155.903504676093,292.23749386755776,154.72094889675083,373.57402301324294,160.9850941954405,252.86590961860065,147.06082043637684,421.442564471638,151.8442865254763,207.33150825681278,143.41610729064294,333.2421768935747,237.13108268399066,303.87374371713935,239.08047085332566,1
338.38697195429745,155.903504676093,292.23749386755776,154.72094889675083,373.57402301324294,160.9850941954405,252.86590961860065,147.06082043637684,421.442564471638,151.8442865254763,207.33150825681278,143.41610729064294,333.2421768935747,237.13108268399066,303.87374371713935,239.08047085332566,1
338.38697195429745,155.903504676093,292.23749386755776,154.72094889675083,373.57402301324294,160.9850941954405,252.86590961860065,147.06082043637684,421.442564471638,151.8442865254763,207.33150825681278,143.41610729064294,333.2421768935747,237.13108268399066,303.87374371713935,239.08047085332566,1
338.38697195429745,155.903504676093,292.23749386755776,154.72094889675083,373.57402301324294,160.9850941954405,252.86590961860065,147.06082043637684,421.442564471638,151.8442865254763,207.33150825681278,143.41610729064294,333.2421768935747,237.13108268399066,303.87374371713935,239.08047085332566,1
338.38697195429745,155.903504676093,292.23749386755776,154.72094889675083,373.57402301324294,160.9850941954405,252.86590961860065,147.06082043637684,421.442564471638,151.8442865254763,207.33150825681278,143.41610729064294,333.2421768935747,237.13108268399066,303.87374371713935,239.08047085332566,1
338.38697195429745,155.903504676093,292.23749386755776,154.72094889675083,373.57402301324294,160.9850941954405,252.86590961860065,147.06082043637684,421.442564471638,151.8442865254763,207.33150825681278,143.41610729064294,333.2421768935747,237.13108268399066,303.87374371713935,239.08047085332566,1
