leftElbow_x,leftElbow_y,leftHip_x,leftHip_y,leftShoulder_x,leftShoulder_y,leftWrist_x,leftWrist_y,ms_since_last_frame,ms_since_start,rightElbow_x,rightElbow_y,rightHip_x,rightHip_y,rightShoulder_x,rightShoulder_y,rightWrist_x,rightWrist_y
348.24651199090675,320.75388285319013,323.575921730917,385.08536783854174,326.3572958023822,247.30182800292968,358.488025102459,382.5441736857096,1,1.0,220.7415331230789,315.842280069987,254.4410270315702,386.30446980794267,243.30008985175462,241.90472335815429,213.6407400662782,382.5251459757487
346.56904276863474,318.42537536621086,312.2923173748079,383.5681579589844,325.117919921875,245.2685333251953,357.27448710457224,381.78961079915365,226,227.0,220.2037313492572,315.3288650512696,254.45551137455175,386.78056640625,243.0992431640625,241.30592575073243,213.82359639152156,383.3728444417318
346.46469266297385,320.0580739339193,323.3187015721056,385.0256774902344,325.7975193711578,246.669612121582,357.09622942815065,382.9577489217122,164,391.0,218.2789997038294,314.29317626953133,254.4662295482198,385.909912109375,241.22184178086582,242.52977091471357,214.30716892930332,382.7304860432943
346.70385542072233,317.504487101237,323.41605364690065,385.34878133138017,322.608410444416,246.76278483072917,357.11056468525874,381.37769927978513,169,560.0,218.96302870453385,316.1172088623046,253.78207047259224,386.8610310872396,241.80904500992574,242.10708465576167,214.3041111680328,383.02001851399734
346.688232421875,318.5896240234375,323.40500728419573,383.69326375325517,322.67026607325823,247.21669006347656,357.28667212314286,381.3271484375,153,713.0,219.48316230148566,315.44301605224615,254.41089367475664,385.7453674316406,241.80824354828385,240.43289820353192,213.4579647877177,382.67099100748703
346.67146176197485,318.67229817708335,311.86991707223365,382.3161331176758,324.29710913486167,245.7504430135091,357.5931256403689,382.01593983968104,161,874.0,218.5656318039191,315.90968322753906,253.77035372374488,385.622296142578,240.6429448362257,241.9904635111491,213.04902423796108,382.7671849568685
346.8309596327485,318.01793111165364,311.65083287973874,383.09384409586585,322.1395293689165,246.91434377034503,357.070568647541,381.25585734049486,170,1044.0,218.9986132012039,315.4255498250325,253.758089659644,386.61264444986983,240.7838404921235,241.87760670979821,213.82806996830175,383.2580795288086
346.7404014712475,317.9444936116536,323.00803462794573,384.16046956380205,321.83891621574026,248.26066182454426,357.0665473312628,380.93916473388674,165,1209.0,218.39507356237198,315.9146748860677,253.66952164446724,386.365478515625,240.4017394018955,241.7553558349609,212.8747938812756,383.57931620279953
347.308382628394,319.95982157389324,322.647252817623,383.6933024088542,323.61772480949026,247.25243835449214,358.24358630571214,381.8896255493164,170,1379.0,219.07130907402663,315.0922276814779,252.9301407610784,386.4639444986979,241.08785060194674,242.13371938069665,213.47360279521004,383.5568593343098
346.77937592053024,318.2731964111328,323.88835969518436,384.7442138671875,322.3710087010118,247.47655334472657,357.969771588435,381.26525166829424,164,1543.0,219.04881611808403,315.87586975097656,253.20661100794055,387.24207967122396,241.0690447697874,241.18033192952475,213.76477551069416,383.5176976521809
347.059564309042,319.2646179199219,323.5904941246158,384.8521484375,322.80335573290216,247.51455383300782,358.05345078765373,381.0473063151042,168,1711.0,216.79850994172645,313.70775146484374,253.85208680199798,387.5699340820312,240.2114327852844,242.0916648864746,211.15574971183403,381.5841766357422
346.9571313076333,319.4407582600911,322.87127985719775,383.16699015299486,323.2248214971824,247.26607971191402,357.2830950627562,382.4932932535807,150,1861.0,218.78865626600924,315.3496815999349,252.5372994845031,386.1045450846354,241.9364839147349,241.25599110921226,213.080569407979,382.1981043497721
346.20111984503075,318.2466776529948,310.677010958312,382.8729059855143,324.7589231397285,245.5423375447591,356.789339659644,381.82142893473315,167,2028.0,218.75963354892417,315.8256825764974,253.4216058449667,387.27540283203126,240.42235827836842,241.54760971069337,213.15255787333504,383.08532002766924
347.021264248207,318.3137471516927,311.3184864481942,383.41378122965483,324.9636330526384,246.046733601888,356.64640132716454,380.65026753743484,151,2179.0,218.5219686539447,315.796196492513,253.57182337026126,387.06530965169264,240.2095882228164,241.7262646993001,213.94331034675972,382.32604522705077
346.96041619973107,318.4704895019531,322.5813028304304,384.38175048828117,322.5937900230533,247.175341796875,356.3871269851435,382.1140284220377,163,2342.0,217.57692831070702,314.77468668619787,253.4218399798284,386.35443115234375,241.0751572905994,242.31630223592126,212.236822409708,381.573691813151
346.9407989001665,318.4814870198568,322.7928226658556,384.3494974772136,322.19151731397284,247.43310038248694,357.38714199378836,381.87724609375,156,2498.0,217.01572505763318,314.85191243489584,253.53273885758202,386.7097310384114,241.02085501248717,242.23152898152668,211.88448946593238,381.02018076578776
346.65604588242826,316.87861328125,311.0865618596312,381.7904469807943,322.03070468589914,246.49067382812495,356.603759765625,380.80106760660806,166,2664.0,218.060767001793,314.89425862630213,252.95546434746413,386.0716857910156,240.50842685386783,242.51927337646484,213.3970907242572,381.7543772379557
346.20831799116286,317.3081298828125,311.09515580974636,382.36268005371096,321.88229520203635,246.47197011311852,355.95021732517927,380.1371871948242,166,2830.0,216.8509701588115,315.1848409016927,253.632333223937,386.6385925292969,240.2412744740971,242.46205444335936,211.8804491387039,382.0650751749673
346.65517738217216,316.7481435139974,311.4750216124488,383.4015838623047,323.1580970639088,245.0433364868164,356.27926885886274,379.9206960042318,148,2978.0,218.4825399430072,315.7942738850911,253.84996357902156,387.0299235026042,239.95047497358482,242.08929773966472,213.060299732646,382.8562474568685
346.7767704197618,316.8223012288411,311.38547103131407,382.02610931396487,324.1239974225154,245.20785166422525,356.7419393570697,380.57594299316406,169,3147.0,218.3247050300973,315.5285842895508,253.22485451620133,386.6916076660156,241.0090216964972,242.3770528157552,213.356686451396,383.22776692708334
346.0216344614498,316.08551737467445,311.5255617235528,381.4685180664063,322.1281698258197,245.79755910237634,356.917272348873,380.57940928141284,162,3309.0,218.56425701203892,315.6643330891927,253.1393172467341,385.4035034179688,239.946192506884,241.73542683919268,213.10534768026386,382.8376825968425
346.3038650262552,315.7909606933593,311.65217265144724,382.63053995768234,322.98985215484123,244.26954040527343,356.56015665023057,380.8570943196614,169,3478.0,217.01006779905225,314.278125,254.35371874199538,386.8069234212239,240.35283173107712,242.5750653584798,211.6994768986937,381.8341588338216
346.56109919313525,316.7200866699219,312.0038141969775,382.4211496988932,323.20199835105024,244.58663279215492,357.40292708600157,380.9237833658854,165,3643.0,217.1921586834017,314.689658610026,253.61012243052002,387.3021036783855,240.0736879442559,242.2643173217773,212.43063604636268,381.7129531860352
346.33419049372435,316.69972229003906,310.6535564485144,382.5848286946614,321.6541577948899,246.15552571614586,356.89715676229514,380.4344024658203,167,3810.0,218.5842205110144,315.06263275146483,253.6797935610912,385.67514241536463,240.7508074650999,240.19357325236,213.10580094134224,382.78797861735023
345.5808385630123,315.8524688720703,311.0178622886783,381.82042694091797,323.03804591444674,244.61325073242188,356.0452070392546,378.9943138122559,166,3976.0,218.19263495773566,315.36522725423174,253.76323862544825,386.3336954752604,240.52984769227075,241.06892471313478,211.75969158235145,381.93054707845045
347.04086053566857,316.6630554199219,311.18587606461324,382.49148457845047,323.788824362833,244.63889414469398,357.14821537205427,380.22819010416674,169,4145.0,218.31968413806354,315.22650655110675,253.39243504258454,386.37027994791674,241.04888165583375,240.0147842407226,213.00952648725664,382.7630360921223
346.202362560835,317.08038024902345,310.40545204037534,382.02537282307935,323.3534075627562,244.7530639648437,356.7781191966573,381.0279810587565,168,4313.0,217.0974261174437,315.0361287434896,253.38270944063785,386.287646484375,240.2149172923604,242.68046264648441,211.51396604444162,381.97771962483716
346.92731313236425,317.1049713134765,311.01778524430074,382.3775187174479,322.9745773565574,244.27583770751949,356.7856225185708,380.7828826904297,154,4467.0,218.0152527856045,315.3351704915365,253.7394689341061,386.98633015950514,240.13626148661632,242.20941416422522,212.446527199667,381.7693125406902
345.6617761830815,314.56032358805334,311.99493908491286,381.8275268554688,322.2005835361168,243.96778055826823,355.99770667904716,378.3611139933268,149,4616.0,218.57721047323258,315.0227773030599,253.69045570248463,386.1059407552083,241.49049802686352,240.75869649251305,213.42049520523827,383.4889790852865
345.73164742891913,314.84698740641284,311.23494933081463,382.1832580566406,320.58617163486167,244.97711791992188,355.96346095350924,377.782048034668,184,4800.0,217.8067186699539,315.50597025553384,252.9044099401256,386.29079386393227,240.8014186171235,241.25871454874675,211.73172147156762,381.73195597330727
345.82027948098107,316.3007405598958,311.15587678502817,382.53582458496095,322.38105949026635,244.82412923177085,355.42359699186727,379.0161567687989,167,4967.0,218.60196873399082,315.7166310628255,252.968273725666,387.41762898763017,239.75655627641524,241.6544069925944,213.58669793801232,383.2650436401367
345.18903488409325,315.4017532348633,311.73930684074026,381.68463745117197,321.8805251825052,244.495859781901,355.9135722175973,378.39430465698234,166,5133.0,218.45334112448768,315.76255187988284,253.80638747918803,385.7767761230469,240.76005729300078,242.65809580485023,213.29579037525616,383.3003346761068
345.13838470959274,314.4186823527018,311.350136678727,382.4554646809896,320.57674820696724,244.8487548828125,354.983404440958,377.1315144856771,164,5297.0,219.48501737000512,314.2086212158203,256.468746998271,381.77127990722664,242.48657726850664,239.90765908559163,213.5206639024078,383.4791341145833
345.13188496574026,315.0693369547526,310.95428066566336,382.4288848876953,319.5986468205686,245.1186503092448,355.14390188748723,377.64053217569983,163,5460.0,218.22207191342216,316.2071482340495,252.6612508805072,387.15936889648435,239.6244601890689,242.37993927001952,212.38162781762298,383.022629292806
346.05866379034325,315.48178304036463,311.3877943695569,381.6650965372721,320.26201992347586,245.7315221150716,354.9114930199795,378.5462750752767,168,5628.0,219.15222368084014,315.01789398193364,253.15384661565062,385.68489583333326,240.721058829886,242.0084108988444,213.27769995517417,383.4213724772136
345.3299830702485,315.9163431803385,310.943353371542,382.1372629801433,322.30611031954413,245.0736068725586,355.0479846391522,378.21064554850267,168,5796.0,216.80515777087604,312.82590738932294,253.50617355596825,386.65065104166666,239.96996119764987,242.1510238647461,212.01695776767417,382.56332092285163
344.7599177126025,314.0593205769857,311.3730658859503,382.5533284505208,320.2398721663678,245.19523162841801,357.7108034227716,381.6334345499673,152,5948.0,218.6619252689549,315.3663055419922,252.970709128458,386.66738688151037,240.71474369236682,241.5381683349609,212.9218299740651,383.330801900228
345.481954605853,314.5588022867839,311.327175453061,383.5601206461589,320.47150658779464,245.33859202067055,355.2699294793801,377.4285172780355,150,6098.0,217.9671470767162,315.043500773112,253.38627449410862,387.20209554036455,239.61748867347595,241.1590789794922,212.341796875,381.8348012288411
345.0104900422644,314.57263539632163,311.03131003457986,382.20950673421225,319.85162953861425,245.7641637166341,355.5975301773822,377.887442525228,164,6262.0,217.5466568743597,315.1277587890625,253.3405381499744,386.46990559895835,239.1408808973969,243.01288909912108,212.40026055007687,382.4466715494792
345.5047897589012,315.1206080118816,311.15253986296113,382.61297353108716,321.64557985399586,245.55262247721356,356.12554031121925,377.5070293426514,166,6428.0,216.93004570632687,316.1708953857422,252.80209100441857,387.39876302083326,239.71408581342854,242.38493448893232,211.87665295210041,382.7204060872396
345.23630411116807,314.88324534098314,311.25336393762814,382.5107462565104,320.1051055407915,245.5884323120117,355.22911897252817,377.3883272806804,153,6581.0,217.53591068455432,315.9550791422526,253.36893750800462,386.1373148600261,239.81959008388836,242.2031766255696,212.8995481397285,382.85477294921867
345.0594032162526,314.17388661702466,311.3395085569288,381.3544947306315,319.5954849993597,244.01052195231117,354.9168681160348,376.9617677052816,156,6737.0,217.8699570952869,316.06532084147136,253.2163065925974,385.8075724283854,240.39988233222337,242.45701421101887,212.4587782562756,382.97883656819664
344.65140721055326,314.8101425170898,311.52052782402666,382.47347513834643,319.03868928502817,244.5980265299479,357.669647717085,382.2568806966146,146,6883.0,217.8760546074539,316.4125071207682,253.9281756291624,385.950459798177,239.81203022941216,241.85165049235025,212.72982637999488,381.59916788736984
345.15003141809683,314.29132792154945,311.66876120645486,381.6967676798503,319.98934186091185,244.64997456868488,354.76573606397284,377.1513783772786,149,7032.0,217.45221047323258,315.67362365722664,253.2013759925717,385.89979451497396,240.2653648501537,241.9858825683594,211.82166327804816,382.4281753540039
344.8681500544314,314.47655893961587,311.3295087970672,382.57930857340494,319.52863849577363,244.60129648844398,356.0302694351947,383.19429524739576,201,7233.0,216.3234463050717,315.6592976888021,253.4448072089524,387.3657999674479,239.7506964011271,242.8069061279297,211.71935835040986,382.4226303100586
344.73763287653685,314.78489379882814,311.62732734054816,382.200868733724,319.8338382908556,245.1345184326172,355.80177982517927,378.2566022237142,183,7416.0,217.10969118212088,315.1466491699219,253.30698982613987,386.5822713216146,239.76134753618086,241.5716573079427,212.22009077228486,381.0060643513997
345.1360913886399,315.49391733805334,311.28782078477207,382.71196492513013,320.4425499087475,245.89846903483075,354.57806896772536,377.4587098439534,227,7643.0,217.17428839011268,317.65228983561195,253.97453633292776,387.166162109375,239.55796138575818,242.50063349405926,212.2163246029713,381.7351389567057
344.93001568903685,314.02743174235025,311.80488161180836,382.14110158284507,320.10646232229766,244.40729370117188,355.4542866691214,377.44240201314284,218,7861.0,217.51064212986682,315.36945546468104,253.49599369236682,386.11610717773436,240.51974837506404,241.74025624593102,212.55475754034325,381.49227345784493
345.27449911148824,316.1107228597005,311.55082827708765,382.60811767578133,320.9826910300333,245.7791768391927,355.723665831519,378.41826273600265,160,8021.0,216.5424824699027,315.59991861979165,253.73365958792263,386.70159912109375,239.94733566534325,242.92648976643883,212.0799000224129,382.12654012044266
344.75645071561223,314.33213806152344,311.42218918096825,382.5324651082357,319.42267846279464,244.67980295817054,355.19905765721063,377.4537876129151,141,8162.0,216.53899846311475,315.5192423502604,252.84446140977204,386.4811177571614,239.54423798107712,242.42045949300132,212.73924780673667,382.15741577148435
344.94529749135506,315.07705485026037,311.30522480949026,382.485817972819,322.34234919313525,244.29292755126949,355.8088298860144,378.41246693929037,168,8330.0,216.3382568359375,315.7218322753906,253.00956851146262,386.47744547526037,239.79466422659453,242.8515930175781,211.4341160508453,382.0222513834635
345.08451167872704,314.96202189127604,311.2276611328125,382.83301544189453,322.0645791976178,243.974745686849,358.7893266521517,383.1430801391601,178,8508.0,216.7388916015625,315.25560302734374,253.0574330814549,386.9980773925781,240.16583702212475,242.06694819132485,212.2412709720799,382.0885630289714
345.1740972800333,315.82558085123696,311.16847704277666,382.57436319986977,320.68999943967725,246.38889567057288,355.40170838402923,378.8560976664225,156,8664.0,216.27434001985145,315.0779968261719,253.24444580078125,387.149639892578,239.42123863345287,242.7386703491211,211.65373655225412,382.5513727823893
345.39628425973365,316.29977111816413,311.6341602763192,382.646142578125,320.28254674692624,246.13780568440757,355.95643090420083,378.4621643066406,153,8817.0,216.8278648501537,315.7386535644531,253.1768798828125,387.387196858724,239.8774484102844,242.15073140462243,212.48896164190572,381.24365081787107
345.02200367411626,315.1504165649414,311.29918332959784,383.1144577026368,319.9513399718238,245.80328623453772,355.2805676069416,377.56561749776205,179,8996.0,216.28418769211063,315.374267578125,254.067892105853,387.34444173177076,238.98293366979385,243.11585540771483,211.6178818999744,381.84784189860034
345.050060835041,315.4719543457031,311.200237336706,382.3570866902669,320.443392394019,246.28323822021486,354.9449522925205,377.76193440755213,170,9166.0,216.1725814068904,314.8591288248698,253.10712770555838,386.97604573567713,239.50531256003455,242.96939748128258,211.74628786180838,381.9942153930664
345.0384641553535,316.0525360107422,311.77141933753836,382.9435933430989,322.59655961834017,245.92739969889325,355.4372198386271,377.6259498596192,181,9347.0,216.9290951588115,316.61953531901037,253.7168218894083,387.09633992513017,239.12215536148827,243.15114847819007,211.6124227555072,382.65563456217455
344.72014480340675,315.747026570638,311.4076227907275,382.81709086100267,320.58771052126025,246.6102081298828,355.1434005987449,378.20637003580737,183,9530.0,216.7043797227203,316.133017985026,253.8039200579534,386.4474304199219,239.33373473120517,243.60504048665362,212.24546338691087,382.2941925048828
345.6612969070185,315.2860763549805,311.78643398597586,382.79023183186854,320.11798996221825,245.74943440755212,355.18095322906,378.2854092915852,179,9709.0,216.3276327164447,314.9945170084636,253.87251256723874,387.08697509765625,239.707025246542,243.005859375,211.36724953573258,381.7255157470703
345.07081378874227,314.11294352213537,311.6676085425205,381.72770894368483,319.221224425269,244.76254119873047,355.82411869236677,377.8212193806966,176,9885.0,217.8589847752305,316.1179606119792,253.4561727555072,385.86134236653646,239.83738083135887,242.03793029785157,211.41200331390885,382.77821248372396
345.612539822938,315.4871637980143,311.24950971759733,382.8717961629232,320.769296114562,246.26969604492183,354.8074630987449,377.814129892985,400,10285.0,216.8721883805072,315.34626057942705,253.50559422227204,386.68165486653646,240.1854958456071,243.35891215006507,211.5406634221312,382.43502502441413
345.48376564901383,314.171684773763,310.84371698098107,382.9537943522136,321.77693151255124,244.2454742431641,354.8346107357838,377.7374768575032,134,10419.0,216.009515480917,314.88196818033856,253.5019871445953,386.91176147460936,239.64779713114757,242.5765167236328,211.700201315958,381.63200327555336
345.2979105965036,315.36522013346354,311.02085501248723,383.37118631998703,322.3824883132685,244.78255716959637,354.7057034852075,377.50655225118,200,10619.0,218.1429823578381,316.40379333496094,253.473870949667,387.0844543457032,239.94575425445058,242.03361485799152,211.9527788005892,381.7231765747071
345.16183421650874,315.82354736328125,311.25804363313273,382.2405858357747,322.60259909707986,245.10876515706383,355.1685340756276,378.08859736124674,222,10841.0,217.1752389376281,315.04234619140624,253.16624775870903,387.05762939453126,239.42640610991933,242.5171007792155,212.2041055648053,381.54750315348315
345.1162449570953,316.2550587972005,311.042492475666,382.5992045084635,320.47831851146265,246.75314839680993,355.3876732998208,378.53447367350265,172,11013.0,217.99553342725412,316.4799357096354,253.4407418673156,386.9711608886719,239.31284820056354,242.31569722493492,212.91941558337604,380.7048146565755
345.7639570392546,315.9465037027995,311.2582107293801,383.1151092529297,321.11656914382684,246.0378646850586,355.2252337346312,378.1988566080729,161,11174.0,216.155047307249,315.6531555175781,253.20713330878587,387.21374715169264,240.1339996838179,243.0879669189453,211.67052422195187,382.39371287028
345.29863301261526,314.7975341796875,311.02387575243336,382.5999481201172,319.8734531089908,245.5948471069336,354.7009817654969,377.6152582804362,151,11325.0,217.16323002049182,316.27947591145835,253.56973316630382,386.30929972330733,239.12340383060643,242.20316111246743,212.0538330078125,382.5537638346354
345.11541347816336,315.53938446044924,311.26905597624227,382.9629735310872,323.0257528336322,245.18390350341798,355.2448980612833,378.16753260294604,164,11489.0,215.7638139568392,315.1054463704427,253.14841448674443,387.05348917643227,238.92533049036248,243.1906545003255,211.62873815317624,381.8485809326172
345.7291639984632,316.2070007324219,311.3870989690062,382.4260818481445,320.84075227330936,246.3408467610677,355.87827588691084,378.7585754394531,261,11750.0,217.12144595286887,316.30495300292966,253.465796298668,386.8763468424479,239.5950712610464,241.7601216634115,211.77106013063525,381.9423553466797
345.1979350105661,314.8351837158204,311.0308687804176,382.90343780517577,319.5607650006404,244.81952667236328,355.0258288774334,377.1695865631103,256,12006.0,216.73918777215684,316.70164896647134,252.959222512167,386.5631713867188,239.36289152551868,241.874294535319,212.00868900486682,381.2999572753906
346.1299078269083,315.5774388631185,311.1572125544314,382.2253921508789,320.113043112833,245.93832397460938,355.40912465580175,378.733352915446,242,12248.0,216.83391233350412,316.4091837565104,252.7524053855021,387.0934488932292,239.5394467213115,242.23542938232418,212.20575451460041,382.02974141438796
345.798345847208,315.9832051595052,310.7304967661373,383.0789479573568,321.7852743180072,244.9631576538086,355.09252729572233,378.1052391052246,196,12444.0,216.7322217597336,316.4515645345052,253.4290351242316,386.8265197753905,239.52781001857068,242.5258829752604,211.46367907914959,382.0600657145182
345.31169853835814,315.2178461710612,310.8634223312628,381.9025319417317,319.90943083215933,245.88534393310547,355.31682148917776,378.93841501871736,183,12627.0,216.1596519595287,314.97337239583334,253.328616282979,385.909130859375,239.5101658555328,243.4468994140625,211.94709752817624,382.91937815348314
345.6948832527536,315.77432556152337,311.20813188396517,383.18423767089837,320.06001857069674,245.29437052408852,354.6700889712475,378.06637268066413,191,12818.0,216.87290079085557,314.46568196614584,253.4849723440702,386.70308430989576,240.43329908027025,242.69781697591145,211.93295538230018,382.7236953735352
346.10555379898824,314.947971089681,311.15533847496164,382.45425313313797,320.15293809234123,245.3859720865885,355.59932321016913,378.5012837727865,187,13005.0,217.07481709464653,315.9336659749349,253.0346319480021,386.6237650553386,239.89593055600028,242.28224512736003,211.8326255923412,382.10200958251954
345.4075817670978,315.35582682291664,311.26667160284325,383.0317479451497,320.32734455046113,245.10674896240238,354.664565789895,378.5438707987468,171,13176.0,217.75772645043546,315.69776611328126,253.4161807200948,386.56369425455733,240.57554751536887,241.5365333557129,212.16892730212604,381.3754791259765
344.2873905369493,313.72061614990236,310.73633913133966,382.2429850260417,321.03003129802767,244.31570129394532,357.81888767930326,383.14949086507164,151,13327.0,216.63779537013318,315.39990234375,253.46175797259224,385.94236857096354,239.99476398405483,242.70238901774087,212.46401327164452,382.44916076660166
344.3537277471824,314.23651529947915,311.01290843525874,382.75375467936203,319.78935366771265,245.33594970703126,358.1573226178279,382.71867319742836,200,13527.0,218.00529104764342,315.18843688964836,252.2502401383197,387.47551066080734,240.69450903720542,241.3454917907715,212.13249231557376,381.87033284505213
345.02593093621925,314.28755340576174,310.8766099273182,382.25189208984375,319.69992615746673,245.3685511271159,355.13686983702615,377.9370221455892,178,13705.0,217.81794713755124,316.13687438964837,253.3263629850794,386.63270874023436,239.3142134869685,242.0805648803711,211.8406942398822,382.63652140299484
344.6446423139728,314.0251164754232,310.70023333440065,382.41543375651037,319.76423620005124,245.18721618652344,355.02351654553024,377.5674920399984,195,13900.0,219.2380030897797,315.8325225830078,252.85551877881664,386.1201273600261,240.59806798716062,241.32799962361653,212.97890084688785,383.84609883626297
336.94252093358034,314.4662577311198,312.776081124804,388.61854146321616,319.20548719518325,241.0613037109375,361.63431873783526,379.7631907145182,201,14101.0,221.8962377000433,316.8132059733073,254.25059071049148,386.19826863606767,238.37740465843967,240.61060333251956,211.0135504118712,383.1916417439778
336.4788353731888,314.6098434448242,312.4470773452706,388.41561584472663,319.0133969594038,240.828369140625,353.7204627594733,384.9855702718098,195,14296.0,221.81198278512923,316.23790690104164,254.35031085690827,386.03628743489577,238.1138341567096,240.08257878621413,210.71256947764888,382.7790364583333
337.9724617400384,314.5495233125093,310.81404266885414,389.3100975803211,325.4980463470142,246.25906182248053,358.49185719209567,379.5581259111469,3872,18168.0,222.5632231293253,316.9328534432005,252.33916259554437,383.76150906941535,238.9080662710857,240.0860727118533,208.89696985792537,381.9508467678818
339.17699435341683,309.4435696774814,312.04301707939413,385.00841684292016,318.6351548836853,242.75023376385784,361.4634093050827,379.2945110736116,3274,21442.0,224.3351846539093,309.6975170392446,254.260930755259,382.3805165661431,235.68708961575882,233.12962665459037,211.71680257478116,380.52660690070434
345.21995359638566,308.9783051808675,315.514207463776,383.9062728881836,316.44071849572214,238.9681640625,337.8797569406899,362.3475240071614,156,21598.0,215.12506689579845,314.7732823689778,252.41074532373557,379.7336491902669,238.84372064399062,241.55634765625,235.27790848359103,374.1917223612467
344.6627691460316,309.5457247416178,316.74047767084784,382.0291371663411,318.1521548366877,240.4083374023437,338.50301669955667,361.52637939453126,181,21779.0,209.40006295702446,313.69648793538414,253.43172383555907,378.8677724202473,238.964138360997,242.24379069010413,235.3429014212533,372.42444636027017
342.76075000168964,307.3747437000275,313.8430543259354,380.4787322998047,320.63333927141343,241.0971356709798,338.1363094554228,359.9812642415364,173,21952.0,201.51610483347756,309.9524108886718,251.0523778262023,379.130623881022,232.85826580747192,238.0246487935384,221.9706287846021,358.52692667643237
344.2817587670983,308.7218454996745,315.54596686445717,379.4630627950032,320.8654550202578,241.23835449218745,338.7385807235348,362.3681335449219,185,22137.0,199.8368428900168,310.95057678222656,252.0130442583025,378.939912668864,233.43759292549743,238.88864199320477,221.771979414468,362.1473765055338
342.7223707152898,312.0762669881185,306.27668545732865,380.4037582397461,322.2287974638097,242.79564183553057,338.8338420300336,368.4871337890625,181,22318.0,199.47121168090402,312.9018768310546,251.38960604024186,379.3427894592285,236.90290404851046,243.16864980061848,224.4471397531899,363.2072652180989
344.8143242964695,312.9729029337565,309.22254516179174,380.2006388346354,317.8559434620155,239.79018961588542,342.00084224291743,367.7344868977864,184,22502.0,205.42030836059152,314.06851806640617,254.44963448600376,380.88193003336585,240.4241784963641,240.75987548828124,236.3734832024492,372.0140342712402
343.0185348352347,312.78864339192705,312.0297151453355,380.64063262939453,317.61758916518266,239.0090372721354,339.0890682444853,366.926123046875,168,22670.0,219.83353136320014,314.4381256103516,254.98646455652576,381.2863896687825,241.00697448096886,241.03692626953125,234.4107911001028,373.70879122416176
350.8745628768478,303.12073974286096,313.4520370040197,381.7848625829664,320.9815960009563,241.43180717856202,337.8755510892116,364.597579180184,3419,26089.0,213.7982063768316,304.26139827501976,250.5630578638607,376.48222454523636,235.3194304027004,241.35768308477887,223.95417652684128,368.58498136876
346.02735147436624,311.2733090934106,312.1231623606068,382.5198900901665,332.0219301089212,237.49217405157574,334.7685200544808,371.98848918332885,104,26193.0,212.85987288130764,305.42291608907414,251.09984750074963,375.8221681239241,244.32860251778882,238.91705787787998,225.0165428066649,371.9967935853085
345.8762938946609,310.041759943558,313.08165237616697,394.71500202760865,334.12253732008554,240.45950808767543,332.416419824624,370.3422598111428,136,26329.0,213.48313248503754,305.3505583940926,252.16763666556582,380.13646465236855,244.76551989796747,240.0686697232521,225.1498818298593,372.30520991955774
342.7337752681076,305.34740247224505,315.42229732750974,385.32917661529984,323.8044599037031,237.5621116674688,340.56467803843293,370.2697023820649,3170,29499.0,214.23906375200318,303.52509567041716,252.84447750329102,384.7362598619963,240.58092613359952,236.61587582820908,228.3244105747768,370.3432512055173
347.26234847579263,306.1549115585068,314.74898215646067,384.04134394758836,324.74830089268346,242.8253018653999,332.7480331990728,372.8934517553297,78,29577.0,216.30159655052597,305.7939500323797,251.87697097968262,375.92323820469744,245.1032475515025,234.5155968100337,226.5649958567006,369.51112391585013
346.80390670586416,305.6425854311151,316.8946566126653,388.1612072960805,326.82100541364105,238.89368089578917,331.9573024892213,374.31165016303635,87,29664.0,215.07130381477324,305.5899041385974,252.43171897666585,378.6492376812433,245.40220205219947,234.07643463652008,225.53085770349782,371.25031552072295
345.5177376774831,306.3841803599212,315.1425031606587,387.6604067269018,324.21218302240015,244.25342236535027,332.7703540849488,375.837301480568,159,29823.0,215.31832366563472,306.33617934534107,250.82796817003936,380.3677355232885,244.13234346635116,234.99594995530984,226.6769181247569,370.9035996259269
345.3287990459268,307.67331947714587,315.7914271691033,382.5000161639714,324.01260565919995,245.0541402525821,331.33585759712946,375.7029749983448,107,29930.0,216.73470176601802,306.5515152882721,249.01791394498832,382.7610804670948,244.27582673512055,233.82548316050384,225.6242832801154,371.8253804869571
344.70801040839353,308.8888546571893,315.46852333417075,385.1631303560936,323.5307596926868,246.28533573473916,331.64570978568304,375.0920286016949,89,30019.0,216.91198261941616,304.4179562390861,248.36013097486062,385.70272930597855,244.3929996727908,234.78609246722718,225.87959131264583,369.70503209000924
346.53288655261287,307.49569068520753,315.1856659062176,382.8878195811126,323.08558547150545,245.66524311647572,332.17234567982524,371.5386549092955,89,30108.0,216.50552266860902,303.09883828890526,249.92543738907304,385.5225721456237,244.99213760819177,234.5582296080508,225.617597271298,370.0052035056938
344.10896142983336,307.203307394254,314.28992940182513,381.2314961320263,322.9538533697485,245.2645667124603,332.82276327679267,368.36321426650215,121,30229.0,218.454006084268,305.1160317760403,253.1782841979221,373.6974813170352,245.0678750192476,235.61655076883602,224.94572176478215,369.3769939875198
342.68874963784117,307.9635484339827,313.72460076423107,378.38906368966826,326.7327779556211,235.31497373419293,331.48097121369295,367.1621160992121,105,30334.0,219.63252467238559,305.1905777494786,253.8643158718758,371.6975299382613,245.30399876511441,234.5999197232521,227.5664282834381,366.7065365031614
347.36134192755605,308.39273129479363,314.12444815101463,379.86850221278297,323.9665139859148,245.7962294756356,333.1172484085273,370.89861077777414,108,30442.0,218.6283323675765,305.45228440882795,253.1711155745004,372.3653411865234,245.36882899114204,235.52558252366921,225.15075556964797,368.8394087452
347.0995542914047,306.02643303951976,313.23237628857623,377.9190192788334,321.5734420079908,244.7450838250629,333.08321751004934,369.9393062268274,146,30588.0,217.73175979550945,302.49850846953314,250.73986797411902,382.22256418001854,244.85110524284397,234.887498758607,224.92281711942425,368.0260945982852
347.78180260875905,304.92378865258166,314.6439130474423,378.1467683436506,323.37978252236775,235.9423569501456,335.03073569649973,370.3814386917373,103,30691.0,217.99732255737808,303.550705889524,251.9926892672337,373.5468447410454,244.18898206528786,234.79991977497681,224.3035166886832,368.83745355121164
348.0567355967162,306.4132535255561,313.14665735015234,380.11417970818985,323.54837884546816,235.9508604922537,335.4173744170003,371.8551402980998,92,30783.0,219.35669768400703,304.15486743894667,250.58878253604362,375.26773614398496,243.70432113710774,234.99578831559518,224.0994756548236,371.37937901383737
346.7876247548463,307.01344570871123,314.11666680173755,388.53932526152016,323.81861769806795,240.37793563584148,336.500451812111,373.5454805018538,93,30876.0,219.96156684590574,305.419810828516,251.25270162875225,375.59982429116457,244.61510369391857,235.04519317109703,224.4671681510957,369.5962446827
346.5845131775156,306.4267569073176,313.3694002143575,387.3804357496359,324.36918519839213,239.7674366579217,337.1771357366158,372.10827584994036,106,30982.0,218.82863784726726,305.6976300579006,251.7114178669403,375.11922286728685,244.06381060968292,235.89099043506687,224.33838017253956,368.61023337154063
345.85200012966806,307.75252196748374,312.6490511439153,386.315465377549,324.37282451455525,239.99575857388768,337.0290222801113,372.99200542902537,95,31077.0,218.45445308447876,303.8415423692283,250.84894837185556,374.2050946769068,243.2442009003825,235.64497349625927,225.14860287741504,367.44883003881415
347.66136517663216,307.68309447724937,313.5236431454227,388.9580755718683,324.8917271784232,239.64639825336,336.49256314479464,373.5654746879965,99,31176.0,218.32753921445476,305.9799483671027,251.058334097328,374.9931568210408,243.992647669622,234.98304076113945,225.05734772108403,370.2096324855998
347.18654838340416,307.47517213983053,313.40215152724653,386.44991082660215,324.9901356044152,239.7887226686639,336.46456706573366,373.86541075625667,104,31280.0,218.6339717880819,302.85873792939265,251.7294245043236,373.64178156448617,243.72766771751813,235.33216573424255,223.5900157121207,367.4046804137149
347.4742322739724,307.5934872384798,314.4194442305822,381.17361488988837,324.87612395860344,239.18810957569187,336.2111122479577,375.0835793705309,112,31392.0,219.5069068497147,304.44321721287093,251.78622328888824,375.83142426054354,244.0820375814477,235.4446243027509,225.47410133963302,368.4214821508375
347.8333519899994,307.46484594830014,314.8076138951472,387.01022390591896,325.9057313278008,238.74482364977817,336.4617764801405,373.4273671295683,91,31483.0,219.95552664475812,304.1669539677895,252.78058285535127,375.4806246999967,244.70733579263646,234.86091355145987,225.46359620153652,368.0839642023637
346.69433403806573,307.37038337578207,313.6010121705621,382.71501767433296,324.35308052791106,236.48995997542042,337.6335288083405,375.0401021666446,85,31568.0,220.14250442694825,304.04812008647593,251.79387990864484,376.2857857397047,243.92050715402942,235.29108855683927,224.67380634481972,367.9850885423563
347.28399506248377,306.43410133103185,314.1175177483143,380.8436493954416,324.4920026217259,236.29131640418098,335.67704608331576,373.64170914989404,89,31657.0,218.09965078266828,303.56281829082366,252.24825087424628,374.1663722668664,243.29451944818143,235.90390868106132,225.14130651703513,369.31039842508613
347.27914010835383,306.7905610294665,315.14855349212263,379.0822265107753,324.68773552985607,236.32466978945973,336.0615327447282,372.5706404346531,95,31752.0,219.8120933944259,302.16667450080485,253.67383584936627,373.84583295401876,244.60233822897754,234.51493344064482,223.4364844357819,367.44869296833616
347.0814260902246,307.3418875872078,313.9061942832598,387.4634952868445,325.6470334381483,239.29136373228943,337.26400684024287,374.35313337940283,93,31845.0,219.07439552402096,305.0984355150643,251.67504401622472,375.6112813141386,243.97088901630573,235.9121885138043,225.7619922685425,369.3164165949417
346.7000222107186,306.45283876839335,313.99480162814444,388.05244833736094,325.0965469803553,239.64069431110963,335.69561115439006,373.19615509550454,91,31936.0,219.66201402339695,304.7479577791893,252.94925594725552,374.54089665817,244.21827514141918,235.39719662423857,225.14673510033063,371.57528376175196
347.2840837027521,307.6245214171329,314.2982172669216,381.5648754572464,324.84254449234965,236.63574865308857,335.74276524460663,373.941060728946,73,32009.0,218.85538251568173,304.67544668811865,252.785520276588,375.51205133987685,243.615865746969,236.36881294897046,224.38183163211556,368.99541563906917
346.13864123079287,307.85205356145315,315.39808091286307,386.2181505106263,326.39682880575725,239.22750828629836,336.71477733311315,373.2600687317929,131,32140.0,220.11444851570602,305.44198084685763,252.9796272689376,373.95148067151086,243.9506309161048,235.82179958537472,225.66791835167598,368.94341937566213
346.9031831733418,307.14605299092955,315.0941422965022,379.9946820533882,324.90483580783194,235.88938955533303,336.30792799826975,375.04431773040255,110,32250.0,220.39035274774704,303.58123127686775,253.07761433708225,375.0543730137712,245.1451579366977,234.90941451767742,224.58585873679004,369.8727287680416
346.8498527558513,306.46658848907987,317.28615155358534,387.821932000629,326.4430585046032,238.782762430482,339.18448190966086,375.2548010874602,98,32348.0,220.73806382808445,305.28926429101983,253.54997215429285,375.87212384757345,244.69177119464797,235.9345038462493,226.07822149126358,370.112501241393
347.55161902716543,307.48626612000544,315.14422911331366,387.8062076891883,325.19681178682566,239.45008358712926,336.71877184349466,374.8110186043432,96,32444.0,219.99565282797911,304.3111157013198,253.30422160041775,375.2852527165816,244.4588543270633,235.29176615052305,224.79626794079036,368.9592186879303
347.30691490331617,307.9888983904305,313.72258863013815,380.37800999011023,324.66183231084665,235.38703530521718,334.9867967154475,375.2710866119902,89,32533.0,219.720621702582,304.1079293267201,252.7122652679064,375.4268866070246,244.39652312346016,235.429413359044,222.8456875496385,370.1997763423596
346.5040423761264,307.0482978174242,315.9064746397659,380.87532366736457,324.97763985914804,235.67403761007014,336.4765354014036,373.9865241616459,159,32692.0,220.79504369205455,305.9778805102332,253.75090769217715,375.8252560890327,244.96300725026745,235.6638206869869,225.00910588814511,370.6355078745696
346.9009595688942,306.7785744747873,315.6256027538252,380.9505339800301,325.4537039475817,235.4248408947961,336.686047755831,375.8783683130296,108,32800.0,220.33771309120525,304.4152545120756,252.51080414071617,376.2523896815413,244.53077070940583,235.78931129584882,226.8426336391338,368.740508515956
347.0779121367268,307.10372666181144,315.7035593373152,379.91849349716966,325.124797900188,235.01929848881093,337.25610408545526,375.3677523338188,118,32918.0,220.92157957464823,304.41064406249484,253.8129573046419,374.9370962886488,244.93631133400055,235.67082679877842,225.36341876904496,369.9000652765823
347.2660226149183,307.06855806253725,315.4437813026776,381.0530433008226,325.91952881872413,235.70945998369638,335.66959650190046,372.56896196785624,102,33020.0,220.02106662607787,304.18355598288065,253.11159569198162,376.63308095123807,244.6666163527619,236.61062466896183,223.7170258201504,368.7741347490731
346.8647354569178,306.86563621133064,316.5055688881775,382.9468335943707,325.57358611174135,235.6321625790353,335.4986670403065,373.6002517958819,92,33112.0,220.6395218085451,305.1955019417456,253.28843508518585,377.6223185911017,244.8788787715168,235.97515170857056,225.20708772651386,369.9093602067333
346.6587702960888,307.0716049711583,315.4632732977016,380.3966774374752,324.78557412555114,235.18767663988015,335.7743724648883,373.10887482206704,116,33228.0,219.94994927244068,304.3474225270546,253.0738675445936,375.2629761776682,244.50944639340474,235.1802244024761,224.70333748338626,368.2505669028072
346.0634685848758,306.16048732046346,315.6515148368614,381.0881818351099,324.9496472623833,235.0339508056641,335.2455091674298,372.8483322919426,110,33338.0,219.98969746823133,304.11881374100506,252.88505759971267,375.5714675127449,244.68761143348027,235.20806005445576,224.56293762966806,369.30287506620766
344.59548158764335,305.91925184605486,316.1253768477697,380.7521871793068,324.10744061608534,234.70508252160027,336.17542409303275,373.6752577959481,99,33437.0,220.1324849108937,303.6941074895657,253.0621377462173,375.8462640794657,245.08118752127362,235.1304600602489,223.92581037465956,368.0019378662109
345.20954211223176,307.91576256186266,315.44692170075854,380.15418101165255,325.26474315595823,235.51950228416317,335.10468827243665,373.6049768480204,91,33528.0,219.7295699376783,302.84077830233815,252.20696761895016,375.6139412572828,244.27741719479386,235.92379941778668,223.5083096452768,367.1694416110798
345.3248957083928,306.89756684384105,315.1339734342583,380.8730426077115,325.62207740372145,235.2579162080409,335.5740568548812,373.50409297619836,99,33627.0,219.3554535545254,304.5503124140076,252.92224709918392,375.855730994273,244.54240537777974,235.6836971994174,223.8072565482365,369.6669575319452
345.7660083058464,309.0785744230626,315.573769723726,380.2708027726513,326.89523783956815,236.17223190048992,335.357358623837,376.55381800764695,129,33756.0,219.49770852243256,305.07644774550096,254.06438582171046,375.3659380896617,244.40475337238232,236.42744937185512,224.70243588522754,370.9041582527807
344.09706780524664,308.08048991833704,316.434626282498,379.58103244587517,326.6005722615728,235.7243748034461,334.9882212911898,373.8710021972656,94,33850.0,219.4424267527473,306.94618677688857,253.9341655113885,375.51228539418366,243.9212808569437,236.71496245820646,227.35016122398534,371.0888620150291
344.89997705483336,307.0423889160156,317.0581890438602,378.6613451424291,324.6887156379668,235.4185576358084,333.87798515098217,372.3653942043498,118,33968.0,219.65200717023797,305.5338410199699,253.59254639178386,374.4027115126788,244.0159360007132,236.2914211467161,225.5526302859991,370.01709242998544
345.386216412936,307.58488347974867,316.956579437889,381.71105465646514,325.51681835127073,235.13156050342624,333.31850677110344,376.240097304522,97,34065.0,220.7558254384401,305.9569730597027,254.24360481040603,377.07654015492585,244.25099732964856,237.19088926153668,227.26260996458439,369.5953472590042
345.53886381916976,308.72505123332394,317.2531381187597,378.5450848078323,325.8682035707339,235.13428510245632,332.7013495354237,375.90337720967966,109,34174.0,219.84927355501162,306.40767792523917,254.63069894007128,374.30444491111626,244.62533151460386,236.50889768438824,224.65135376483082,371.4789645954713
345.96552235456915,307.20731153326517,317.80681056105743,380.2327191627632,327.10187350071317,235.52309844453453,333.5577557195766,377.106243068889,94,34268.0,219.9821225241507,307.2786466954118,255.0808127589245,375.5118728896319,244.62437863171846,237.0790074235302,225.53858080345563,371.3655090332031
345.65694025443304,306.76073009684933,316.1514611461845,379.5123291015625,325.5897971505446,234.61580050193658,335.05186247133116,375.77639046361884,105,34373.0,221.0309629321593,304.7959083621785,254.62911627599308,374.48951721191406,245.1373474627609,235.4551864882647,225.08362196293118,370.0311382746292
346.42864623010405,309.0360774024058,316.9524500676705,380.0904839725818,325.7247430951764,235.4954425359176,335.1154245083757,376.7085447149762,113,34486.0,221.30890652351852,306.72727229231486,253.89515485011688,376.319666717012,244.13554211375128,237.16444888357387,227.14419289743256,370.4176977125265
346.3526390993744,307.7002425112966,316.41660444964015,380.622064622782,326.2213539978281,235.44362860210867,335.54371149213483,375.29205322265625,91,34577.0,221.64178048921326,305.3232011956684,254.45729243804803,376.15977141816734,244.8723117939169,235.69603483555684,229.16297501053555,369.86695887678763
345.4414101754976,307.22491021883684,316.00735612924666,379.0515692759368,326.89835544443724,235.04772509558723,334.46316161096337,373.9854146666446,126,34703.0,220.61473102490442,306.490083144883,253.1599136605797,375.568514031879,244.7966737865907,237.0891571044922,226.24485633185296,371.62544121176506
345.80655363090796,308.43870130635923,316.429157177937,379.2201051873676,326.5344618168115,236.48591639631888,334.8963428038284,374.62278721696237,112,34815.0,220.9778680445248,304.48113053531966,254.62601113616185,375.1783907615532,245.56711727158162,236.0147430937169,221.982500384952,373.8521200923596
344.6507468955645,307.2833601094908,316.5287179274183,379.68479867708885,325.9510619610672,235.5968177924722,336.2409339999756,374.2200043241857,105,34920.0,220.1955492961456,304.94301472680036,253.6784458556116,375.1937180858547,245.09551305493875,236.39244079589844,226.93265416315484,370.9335559909626
345.04716928569115,309.0522145416777,315.9770031687629,379.92233211711306,325.23546400901193,236.7630922996392,335.6386414207364,375.666087522345,91,35011.0,219.9869451878971,307.3198493052337,254.09261054517813,376.2685678773007,244.4370013351757,237.18109777418232,228.2948157599358,371.09349396269204
345.80689806166527,308.3449460692325,316.38699353483213,379.8002430544061,326.03750901598164,235.71387468758275,335.9800090235793,375.7654506877317,110,35121.0,219.93632336375128,304.76757364757987,253.41755166587987,375.2685404632051,245.1763909684177,235.93836250951733,227.05111808302,371.20376845537606
345.5738184758736,308.8847994400283,316.408458408973,380.0656612848831,327.13393848466666,236.991803444038,335.080758565689,375.51519361592966,102,35223.0,219.5414936493046,306.4324275517868,253.2702853570835,375.7442202810514,245.03326542644572,237.1286269365731,227.04684815466155,370.1234617071637
344.6270349906193,309.4876984418449,316.40721744521517,379.2367217500331,326.23483744894315,236.15591404801708,332.91064313833147,375.46734567415916,95,35318.0,221.0165069706707,304.18994067078927,253.18314263434826,375.18660593841037,245.0874860454892,235.31545994645455,228.26836803642053,372.3067797644664
345.99220307536143,308.49076545844645,315.88363204259593,379.0511541851496,325.8456180303424,236.5525701490499,334.84409791305353,374.97783337609235,98,35416.0,220.23179810076832,304.8291995161671,253.65700678212016,374.5829423807435,245.17205519300282,235.49161490747485,226.79221632075013,369.75626541396315
344.6430896426632,308.35268861156396,316.75250294792204,379.511778233415,325.66079294038514,235.50466375835867,334.3761092696447,374.02894618147513,141,35557.0,220.36094760499057,305.0941352520959,253.542177983834,375.1334613864705,245.2946092281104,235.41959342309985,226.80693946933346,371.48713968567927
346.31022219835967,309.72447734768105,316.87464670521587,380.51961931131655,326.7762471432508,235.9199510994604,333.9065539094917,375.46159647278864,106,35663.0,220.65128247272918,307.32515852330096,254.64387096310054,376.3863489183329,244.90948752248931,236.97633775614074,227.90386785610087,371.2432007870432
345.1752706187395,309.4431388984292,316.86456704040785,379.2884968903105,326.98818095986775,235.8560995328224,333.25282813107816,375.4318987312963,110,35773.0,220.4938187341967,305.89280904349636,253.65717606920424,375.4630602820445,244.74390813423886,235.55384102514236,226.16872447160267,370.46134302171606
346.9076734360817,307.5832354012182,317.4993478608824,380.4307646670584,326.2824144798691,235.18278089620296,335.03344935500274,374.8919858770855,97,35870.0,220.9407499321269,305.84511433617536,254.533241715174,375.90523024736825,244.74472552414252,236.54492265087063,228.6420120935717,369.7363746772378
345.2781075758558,308.13827482320494,316.05541308391145,378.3386902889963,325.4338611903527,235.1908008122848,335.7749195019734,374.64343054819915,94,35964.0,220.59591966051283,306.76990024114065,254.10123611386882,373.71869232694985,244.79350299756058,236.17819575940143,225.5879901553585,371.0869714769266
345.6731759858823,307.85476296634994,316.36968335670065,379.29539567333154,326.377213980647,235.58372756182132,333.8765409477519,375.8242228879767,118,36082.0,220.14367447849133,306.68753640126374,254.44741822871924,374.88850351107317,245.02417789949916,236.1466850668697,226.31375514620072,370.51245737884005
345.60653876466864,309.5178099810067,316.6313620919508,381.022702233266,326.84097479982495,237.13345673124667,331.9093987555919,375.34812539310775,119,36201.0,219.31874445365173,306.14376504542463,254.00435910679985,375.7583876787606,244.47810002877011,236.27016099832824,226.22168449940028,369.9948094254833
344.37317654304985,307.08147727837,315.70433937167724,379.65508929753713,324.8823363751297,235.4121929104045,334.66447094169393,373.374791549424,107,36308.0,219.05022902112782,305.25943125708625,253.2174397702039,374.84189954854673,244.0957173074429,235.92113171593616,223.81583186106067,368.9350554902675
344.8578403203814,308.47383919408765,315.56581995793886,379.11878682799255,325.96715143607366,238.54839260295284,334.87778279791235,374.9079532946569,109,36417.0,220.624045850825,304.66867931818564,252.91483297387592,374.6618781655522,244.3618704768137,235.64838732703254,225.0631156699786,369.34816004866263
345.99706626037346,307.9699855739788,315.5226989999352,382.0927209369208,325.95784674046934,239.42308716854805,335.74404451362324,375.75938079316734,91,36508.0,220.3562560022125,304.7390814150794,253.31976672920447,376.7263341354112,244.6954073450872,235.97587844072757,227.17915388558416,368.1734091548596
345.2959090743322,308.36953567246263,315.88801720330326,380.2054602412854,325.84691217826116,238.3707052974377,336.1874462460086,375.712259583554,81,36589.0,220.95308042660787,305.8184479858916,252.3232131578121,374.92942939370363,244.0729443561981,236.2660954362255,226.7245761982138,369.2284483828787
347.05945786598807,307.26590592982404,316.0336367025414,379.474493770276,326.03934007066914,238.76371997897903,336.49189169476136,373.9713274422338,80,36669.0,221.0975026490777,305.94970735452944,253.71428493642213,374.29563231387385,244.06900872828055,236.1279245150291,224.8036466099909,370.6730289782508
347.12298191434616,307.4167351803537,316.17755177604704,381.27908609681214,325.8608970800376,238.32501168978416,336.2574093767221,374.10072455971925,156,36825.0,220.2796353541964,304.9439692901352,252.70054749928073,376.25866259558717,244.28204168422587,236.36985261561503,224.7459228009109,368.33397040932863
345.6909091047231,307.8937860262596,316.42372859464143,380.336141424664,324.1805485768932,235.4553933870994,335.50453882494406,375.2262024960276,107,36932.0,220.14239995806045,305.688095900972,253.06213347249007,376.3310513253939,244.3613614284151,235.6345858816373,225.09612657222507,369.54123028254105
345.9287379094674,307.09443593429313,316.32651807856263,379.95256650245796,325.6231714778916,237.77239266088446,334.61862176285734,375.15462325791185,107,37039.0,220.51497463368776,303.24394323058044,253.20913433533983,375.3129008664923,244.3850929608484,234.66184454449154,225.69009234796417,368.8039695610434
346.2824657645957,307.1827031798282,316.52420993662474,380.8596239251605,326.15127753419995,237.86666352870097,334.6578007614959,375.5198540121822,107,37146.0,221.0687851015463,304.1832523426767,254.6622961487513,375.9102889238778,245.29546523984538,234.5549179335772,225.27136964916687,368.4846923310878
348.2372318758509,309.0920820074566,315.9286524349228,381.106926222979,326.4082000859051,238.90410989017812,335.69501789773653,376.8933570991128,92,37238.0,221.222384124376,307.1965644319178,255.35758750567294,376.2753709696106,244.37667593421776,235.2651188737255,227.78007412352505,371.49639582229867
347.53856484820733,308.0299332182286,316.28926637261736,382.397456411588,325.82536246272036,238.23709778866524,334.0197665265981,376.0841628252449,98,37336.0,220.97204691146916,305.2015273853884,254.03232463662556,376.32988493321307,244.45922281732206,235.25794853598384,225.67215155763745,370.2339172363281
346.8712118948149,308.13324750480007,315.85048438107816,380.11567778506515,324.6997779434647,238.62178479210803,332.4406502751394,376.7153904801708,101,37437.0,220.57387862462718,306.2584977230784,254.83217253229924,375.58055037159033,244.06264055813992,235.25720628641415,226.68447154191517,370.12972039691465
348.49853452310515,309.1838034936937,314.80615133071836,381.3834697917356,322.95933893607366,240.85857197389763,333.67529524807117,377.07930484060506,98,37535.0,218.943415598256,303.9610428931349,253.11736522373815,375.730117539228,243.4310241952477,236.24000032069316,223.8538838620008,367.88686978614936
345.9610694473709,310.7429730690132,314.9195589564153,380.8873748779297,324.69203078400545,238.82962243031642,334.52905488706716,379.0696845620365,73,37608.0,218.0350554533519,304.58808438252595,252.55665996757287,375.6480640476032,243.99146875405208,235.7063875360004,225.39101501718102,369.6501340704449
347.0863032044216,309.57829879502117,314.1742082651225,380.1135447873908,323.3756417555433,239.82701834985764,335.1099446403535,376.9831175723318,145,37753.0,217.52544640505462,303.48019363516465,252.50482693747364,374.9002010539426,244.10671629846345,235.0737465034097,223.0225945310474,367.94245186498614
347.73534940980767,310.00564381227656,314.54984166315484,380.08059420828084,324.7121040059323,237.8478008205608,335.8378439622301,378.4706607107389,112,37865.0,218.34869764652493,306.5531785609358,252.25166352458015,375.416012780141,243.01858735777037,235.3477516820875,223.79140766824432,371.1760414252847
345.5288930552629,309.18999041541144,315.28658411809516,379.11325745663396,325.2498186673366,236.98550337452002,336.13824456559183,377.1160630048332,102,37967.0,218.43198024385697,305.30308125382766,252.97095587639396,374.8786240917141,244.1141633472997,234.81586133019402,223.24317773842708,369.51661449367714
346.3802954962639,310.28542599435576,314.8303134015981,382.6391886048398,326.21564049938405,239.728848732124,334.46855220557245,376.6208144365731,112,38079.0,218.15750438642695,305.5184422509145,252.12304681168555,377.42663496631684,243.55921068626813,235.07364046775692,224.18303936843554,370.7795094635527
346.12009072204836,309.11401134426313,314.1617327804882,378.3404075493247,322.85952492868256,240.3998488086765,334.5167927722218,376.5484722590042,108,38187.0,218.3407162234991,304.22409336445696,252.51190407147544,373.6761060811705,244.0218445077477,234.94737786761783,222.99618732879762,369.2476279048596
345.9282003695539,308.34201618776484,315.0279685372633,382.52663693185576,323.9579475371175,240.1997491868876,334.85189319151567,375.69254471083815,89,38276.0,218.32731318177028,304.19843168581946,252.26358405781974,376.45750142760187,244.53715534131058,234.55426490912998,224.23473310668442,369.73484103962517
346.74691544528815,308.33362999608966,315.0010142979285,380.2317131171792,324.0227537036437,240.14802706443658,335.9757618884328,374.1893858828787,115,38391.0,217.72775515481152,304.20770928011103,252.02718141167983,375.7564531746557,243.38373334575985,235.52861488471595,223.67851288981456,368.19977453199476
348.1613393443254,309.750853069758,315.12499164248896,382.11940636069085,323.64420657335967,241.59982325667042,337.2302470860145,376.7370812367585,107,38498.0,216.79110958368446,304.88799725548694,251.9898375831699,376.2893599170749,243.4158198566357,236.32020336086467,224.61319919443724,368.8414725610765
346.88757805408784,308.54344901392017,314.78956547020874,381.0504868070958,323.0330369878112,238.14621618238544,334.12936198760866,376.588545977059,99,38597.0,216.87378467860557,304.25180681681235,251.18184671362403,376.21248018943663,243.40458913462783,235.43953071206303,223.854991865356,370.1592707229873
345.6018553927726,310.11813341561015,314.10523600598094,380.1805321644928,323.6515941065872,240.27544053934383,335.4541598118193,378.6366427146782,165,38762.0,217.20474971280552,305.55618722560035,252.3452815772092,374.9659030720338,243.10146600873642,236.7064071913897,222.8919071181681,369.8920013944982
334.98553918029546,316.792244244116,315.27113858827823,382.52565255436866,321.88647377815687,244.9341676148726,326.3760007865698,374.9452367594823,146,38908.0,221.58736767008148,308.3763446709035,259.91267460329516,380.07167994049547,237.9085888101897,240.2443046767477,237.43194461332686,373.908151814357
336.0672483926617,314.31484192764196,315.74938584858336,382.79281813863645,321.9984783365569,245.261434248692,326.46775301328427,374.51352055208673,133,39041.0,221.09682550690053,308.24498902948415,260.4505700731092,379.812956894,238.9063972443458,240.2421833690584,237.22787344965957,372.46258038930944
336.0819633276082,313.211697000296,315.31668458931176,381.3309972891536,321.333695051735,245.18750067201918,327.8587370994954,373.8105485352828,111,39152.0,222.18557157405155,308.8613571404175,260.5231805348675,379.0383922991975,237.54980183760944,240.39923514726863,237.4007858098249,373.6645100647921
335.8019164564081,314.4305333942947,310.56136313115576,381.6041280321506,321.83084243002565,244.4064378491337,325.8190846721486,373.7948719083954,112,39264.0,220.95693625364785,308.27911139769867,260.8666089722155,379.96888472008584,238.51800940843876,240.19401589823508,236.55921787603359,373.34161827601304
335.9265754195039,317.62710808472315,308.89584611825904,383.12501936996534,322.5963280822517,246.0988844243974,326.2223085633512,374.95105130684806,110,39374.0,221.8112503229876,309.22763686105986,260.4052425636856,381.99393988890967,238.8297921859801,241.9321670927532,238.06588851988082,374.0778315252591
334.7829214608159,314.92759417993415,310.3555784707867,381.543649861232,321.2412964045305,245.29407540751242,325.8080057225803,374.1766112332517,100,39474.0,220.54755659882665,308.0043500198601,259.11057052909166,379.52619522964403,237.3280233539032,240.79280309726536,236.49150922604574,372.8361902582832
335.6924664092898,314.14864288092895,310.00890234564986,381.3276945124018,321.81427091012205,243.975331795648,328.7256096865881,373.49222845364113,188,39662.0,221.72688168774317,307.29968095690475,259.76995208384,380.76848875055657,238.34756695342895,240.2252766505424,238.311344844358,373.2024652352605
335.83206354875966,314.8946073265273,314.64841850072963,383.4942828558888,321.25003176440526,244.7567776694817,326.8946499954402,375.31911938919296,138,39800.0,221.32315431587426,307.78049291106703,259.0796515913789,380.7118505764502,236.88843248419258,239.79805765992,236.06843822197231,372.78255719595006
335.66639941026267,314.32270899955466,315.5723197729207,383.67826115899766,321.7740239243563,244.966713307435,326.8942818845757,374.3063220088345,145,39945.0,221.38443883754863,306.74582842100466,260.0728337031858,380.54958521393297,237.89243943032588,240.23530357242248,235.7087915324052,372.3533800352423
335.19943296677405,313.4411249506659,310.12047971732886,381.13678690065376,321.43728530824416,245.1114128784812,327.5317287816148,372.93972904818037,114,40059.0,222.4114040270853,309.01802497824235,259.9326499612415,378.9919873963984,237.24826441664644,239.8197695628349,236.26935313183972,372.9900545900968
334.6273411850985,313.06579550313205,315.2495744163424,380.2874230103171,321.04986094315234,244.27521918104102,326.16716318093387,373.48516988013074,117,40176.0,221.55618511749145,306.8749071032272,260.7424463650596,378.5934436383025,236.4753372845483,240.67931713835563,235.28066197258025,372.1753621471978
334.4220825670294,313.053424024829,314.4082772221546,381.31583179216926,320.75624755384393,244.5609022545691,327.14872011414764,374.22965608112565,134,40310.0,221.14167565965468,308.07900226177946,260.6495138086697,378.1379960608606,236.86959782463103,241.58093991057243,236.62050002279912,373.6311953055425
335.4429442409412,314.3635101516012,310.2687428990227,381.73826108942376,321.45561099516283,244.8801384565126,326.20359190707075,374.4052499563583,96,40406.0,222.1450817538607,307.97748545908564,259.3690627279913,379.2835567652253,238.89225703732976,240.3053701726884,237.83314270732004,374.2149329309018
334.08628233675825,309.0403984741843,315.24400288028943,380.3091003734213,320.2038020568135,243.39964031555493,328.90782218962795,372.0356446103111,181,40587.0,220.99739757493316,306.8808912366165,260.1019690843872,377.1124275484234,237.07395368049117,240.9139975117896,226.79486345224342,370.0953966842414
335.57117506687746,312.32556555555266,315.53515957487235,380.5699568832477,320.4321875368111,244.54838609448367,327.7925270169625,373.0121897168728,96,40683.0,222.4118600095756,307.24171337068384,260.99001635837186,377.5197162529348,238.57847458657588,239.0484668306736,237.10710933700145,372.2377247390352
335.31776042299975,314.7496584165899,315.0279954249757,381.71858673886317,320.8307625440308,244.7333475221624,327.3403562553198,373.7316518991105,142,40825.0,221.36008652267756,310.8024138613686,259.2706108835421,378.8661308486227,237.50243665643242,239.8313956927759,239.8107815159898,376.11621283496595
334.00024176571617,312.3072354410596,314.4284853211637,381.53559748990546,320.3038951116777,244.60213359773468,327.8369449363145,373.1487278122976,105,40930.0,222.22754571224462,307.06741451599436,260.1646785513436,378.2041535846928,237.5307038600343,240.7392032405873,237.0949735530156,371.6560304473719
336.27875777070165,314.2215814738694,315.11477459265564,382.350937443076,321.4689003911,244.95783316656718,327.97564436025664,373.9137185052269,120,41050.0,221.2630263747872,307.3027169025006,260.5147234846182,379.31773368558737,238.35682909776264,239.90628719329837,238.4265659198687,370.9831297088781
334.3158125227992,312.5951859864546,315.31026758572466,380.8047576271808,321.18743228541274,243.9983059581697,327.8246761574356,372.50346248013983,162,41212.0,221.9241819864117,306.5906168883329,260.6267906812378,377.60577107958227,238.48398171510212,239.02156046635127,236.45448439779912,371.4976584478981
334.7107788560919,313.2455513514385,310.0564017091744,380.9994981202437,320.5881482432325,244.29949132889664,327.4019352656858,374.52450688021173,132,41344.0,221.87651044199902,307.7745384255839,259.35485602352867,378.9040611939109,238.36902662937743,239.2139172677549,238.5032707244042,372.2344563538546
334.93959656949175,313.8931493808568,309.80200682168805,380.49714162559707,319.1006148000636,243.32636314352558,327.2698475878526,372.8425206792168,125,41469.0,223.0865217275657,306.5867709619393,259.99056211241486,379.0313052636972,239.42132497112115,238.07065694443298,237.21641688959144,372.04578419423467
334.1531502690296,313.78518030433463,310.12514403821893,380.70475998320114,320.6190357134036,244.7524235779757,326.6379864763193,374.6211566826223,89,41558.0,221.99418717321254,307.20961180375645,260.2404381421753,378.12193875485747,238.22966698078795,238.8637388802563,239.1532927635579,373.31559334394234
334.9462581886856,313.31848579367215,309.91364119117833,380.57313158104455,320.13366847650553,245.095918289738,328.20469718962795,374.4900714301075,139,41697.0,221.57140353310436,308.86824849973686,260.37629955009726,378.22239297659286,238.7536716090102,239.4859851333144,239.4364436405642,374.93476037534407
347.27417467169266,313.098792436827,314.6864645397617,380.3261514772405,315.79557159067593,237.95730669881402,339.4920687545598,374.31888797740237,134,41831.0,221.60422002295115,307.1089298861014,259.75190990165976,377.76484988514005,237.60923971925732,239.8867026758935,239.20122792284775,371.8220456770665
334.9633290331651,314.05720251211847,310.6533368181162,378.7840784893135,320.98371542845257,243.97030528962918,326.23458921677405,375.4838573870881,113,41944.0,221.49818509469242,307.42895531530826,261.2982177734375,377.3967414816426,238.9120067789397,239.50775440492774,237.8239470604329,373.50347093967576
334.7856597306664,313.07311497821706,314.56621815722275,381.3692015810952,320.10442355263564,244.59277553261867,328.04736660612235,371.2406644672928,134,42078.0,221.11899528058126,306.9108700134594,259.82338515701,378.3611736396434,237.7389633238084,239.1410880755884,237.45418325936282,372.2056018256153
334.90903624300825,312.97880320969017,311.6071833154107,379.8191319599053,320.8655592625243,243.92821178535104,325.67270954295367,373.9815766329592,117,42195.0,221.35364102018482,309.5396484612183,260.81880443290976,379.04135590390223,238.05173406341203,238.90014487844672,239.72711822866006,374.19768615090175
334.670144166464,313.74658495651005,309.6805023312105,380.39662573621683,319.89680234560245,244.05789943556712,327.8566590542923,373.1279422582122,113,42308.0,220.8113709683548,310.76106867024316,260.5947887851107,379.4527549941305,237.71050716652482,240.03989274020023,239.66600707532834,375.02271266798897
336.1877013922665,313.60548819902647,310.8804938765351,380.7831846247065,321.4373607115987,244.61773254710772,326.21436686831225,374.6875691784478,145,42453.0,221.76560932560193,308.5378350371524,260.348456119285,379.25022065948326,238.8449583535992,240.0199343626981,239.72865241974708,373.7979552906412
335.3851793341136,313.3876104799577,310.5806580777298,380.36128543201517,320.3604590568097,243.91692126970835,327.9259755175401,373.65066093484353,108,42561.0,221.4510194058548,308.373219781589,261.36888555979453,378.9307407517507,238.6507050629256,239.50688883430598,237.0093580906493,374.02323431301613
334.5520803251155,312.4251605809661,315.00302325890686,381.0069966686822,319.17235404137045,244.5328286521793,327.63490669458287,372.7646249563583,94,42655.0,220.813653255715,307.0239578009887,260.2723972899441,378.41997018132173,237.1193049390029,240.77360637447376,236.63858732824662,372.40160413356637
334.9640961287086,312.8807350514466,310.22626290525443,380.9204318980479,320.4559493899809,244.18238447120152,327.3018589836151,372.9881322198581,170,42825.0,220.68846231304718,307.56906539047316,261.1432312249209,379.44803979112686,237.82574249148837,239.48675449648047,235.74895599009,372.2446540476745
334.2513883716865,312.8860829407687,310.69237438157376,381.01938830756166,320.12623619940496,244.97321212847615,327.05453123100074,373.17784205619535,113,42938.0,219.92418103644818,308.06987900808065,260.3156776279791,379.0736187554394,236.7702665217656,239.60948200423482,235.11950066117458,371.68602464112587
335.2962223750608,314.38268285958884,314.93464725954516,381.2787292164225,320.140804335301,244.7543732242881,327.2026257941696,373.6789818007711,94,43032.0,220.7853514675037,309.55483886244383,259.71101634697226,378.4916066382215,236.42410456438472,239.55995591810947,238.82361979799973,373.67591502135286
335.1320853029244,314.70655984829125,310.07149069225744,380.4594247452336,320.3004365023008,245.3844481552203,327.1773852634059,374.17487030819916,124,43156.0,220.4408828200997,307.83624757756843,260.48161963080616,378.31840594197797,236.8199876124757,240.01071564274133,238.23364732794258,372.60504450822737
336.19725565038306,313.6242147060256,311.8329451149076,380.71706623611055,320.77043496217243,244.67201786337742,327.1468771849161,373.9978889109557,185,43341.0,220.7385348902602,307.85604289158636,261.1985191018665,378.88034879852455,237.5547843962792,240.36898360968868,236.84851501702332,372.8548091433826
335.0116133040492,312.38710334263936,309.882770939096,380.44941324026473,320.6061420366458,244.2742034437743,327.7778097071072,373.1032052311873,84,43425.0,221.3396195586089,307.85528864885237,260.3890836841865,378.90297370871116,238.2454221257904,239.29847398570163,236.8272690828672,373.16737634530335
334.0116437028818,312.3049489945328,311.7242752253313,379.3169889301834,319.85545740981047,244.1848772671556,326.8297698618373,372.42929172021735,185,43610.0,221.7355026066999,308.01614751469896,261.10843168622324,378.3871511350641,237.67835090132542,238.6619356629762,238.49612699872327,373.34736404023636
335.1068875205192,314.9679950852468,310.57729580059134,379.62015893175186,321.97380184663416,245.30227305357937,324.81190247294506,373.94205834581436,121,43731.0,220.77664505182997,310.16615912086604,259.7724077395428,378.1854244093821,237.441938229572,240.78066998812815,240.83300401264592,375.4119908624362
335.2654910551435,312.39217550643366,311.57201032230364,380.3650281836949,321.85253840940015,245.0951427005116,326.8289837670234,374.50865948138465,105,43836.0,220.8735555804657,306.79894560976965,262.35143282997933,378.0325135542321,239.25748713749388,239.99730804423595,237.27993145063232,372.6282837230307
333.81993156462795,313.54082285431383,309.97134910019463,380.98630835972915,320.6699672654445,245.05700066917302,326.94582690524686,372.5493621826172,150,43986.0,220.6870539921267,309.22421845747397,261.73775402024563,379.49314137196916,237.9176229632782,241.4807955094569,237.00529699659532,375.0280398037767
334.88452005942975,312.6443677121493,310.1129055394273,379.72837734716535,320.8612400455698,244.26386818366962,327.11044845877916,371.305685883359,117,44103.0,221.5458780132843,306.39300647794886,259.5131413203733,377.41665775911787,237.973898802286,239.58691950289082,236.1162261369164,371.1309624706525
335.18138840968516,312.8950864169264,310.32508820411294,379.8862050110812,321.40070577539825,244.76695520272528,327.82898661691394,371.79221632567095,115,44218.0,221.44448128191883,308.26724749154994,260.06032030870017,378.0200543181266,238.04874167831954,240.21509822786163,235.92034840862115,373.47937430742485
334.6743667543166,311.67489896784167,310.46486939901513,378.80077263234193,321.9048879304285,243.94546568084874,327.6610425659655,371.9197070660369,117,44335.0,221.60185461378285,308.3778614577852,260.317261692151,376.89854992486033,238.54965269333655,239.37183936025195,236.31933308760944,373.7436154222242
334.362213491002,312.0170607097408,315.1504884712427,381.1868610283253,320.18857369627005,245.29567876628025,329.23787989041216,371.15208363903616,117,44452.0,220.92571095269943,309.71555541834067,260.72195090208544,378.08214414922685,237.54351782891536,240.9196786435774,237.13475802529186,372.59803692911566
334.1400431473432,313.19462751477494,315.38155284837063,382.7441362766404,321.4922466352292,244.71241372854598,326.60280457730425,373.625443611738,111,44563.0,221.5673115652359,307.5329245928038,260.69113883526865,379.45582770313,238.46046536812983,239.833105487527,238.6330594905156,373.86198646664
335.1843807947775,312.3311037844327,315.52621566831834,381.58250996485884,320.7857979503587,244.64158903131832,327.8206411873784,373.954288700084,134,44697.0,220.13741697318824,306.80525587012727,260.9210965048942,378.2328622452336,237.5345549230909,239.03242101323417,236.52596915278454,372.1920574761425
333.69494248920836,314.24075418185686,309.21209669298696,380.57729889074136,320.51811559654857,245.43212969686084,326.69389657937137,374.01253972028815,115,44812.0,221.45199786828186,307.2322497590218,259.8927681177043,377.7484462915925,237.58657017570525,239.3173807519705,238.33970600528943,371.4197876292807
334.4866135890382,312.58042488691103,314.933151066999,381.47275697382,320.3286919797905,244.48861472964904,327.73569782420367,374.3008335884371,124,44936.0,221.1944841318093,307.53564508467764,261.0504957859618,377.8631481111358,238.2899089174976,239.2272594926271,238.44889956225686,374.2956950133329
333.94253385669987,310.36716540242725,310.29799702566424,379.809633956672,319.44204337865926,242.80845306080244,327.8274927992765,372.57189696316885,123,45059.0,222.1533796852201,308.2225408208185,260.35076453064204,378.2659220324897,237.49976725893725,237.41864515709756,239.37194586727867,374.57851706391165
335.5555695411296,311.81531560235686,315.03437443002184,381.6418615153417,320.39939954586987,243.1603698532816,328.8615352170477,373.79512213672376,177,45236.0,221.13412344965957,307.9198855069017,259.8356301868008,378.14152653353204,237.18149385563598,241.378242215962,239.15245204584144,374.5405380960573
334.7447875501581,313.83228726955275,309.99354440414487,380.38189665641187,320.22989770317815,244.6250923433452,327.3993489899988,374.4230031225965,111,45347.0,220.2202300431664,307.9542984245972,261.20356815798266,378.04549222165434,237.4938299869285,239.56413923767562,234.94054178319558,373.1130222458913
333.2952809612111,313.3525743632737,315.0460708558791,381.32808942251256,319.9603865211576,244.7546026990821,327.59229845573935,374.41365691664316,134,45481.0,221.90625379985408,309.4427810431762,260.8696678547544,379.61682413526154,236.73953520184827,239.37780407426268,237.97260210207932,376.46677086390366
334.68216832973616,311.88887620836965,310.4160929282816,380.5089450500172,320.54289420754986,243.3315752454372,327.9546311671632,372.2570682189625,132,45613.0,220.67601066619042,307.2504879650057,260.58807016810556,378.40322030022975,236.76804360712552,238.31620772267868,237.9366649820647,374.4834646906877
334.89446380259,313.8891706318435,309.9719855757539,380.95884846899787,320.29841679079516,244.99166142755217,327.49914265792194,374.0068876434484,121,45734.0,220.79438799550098,308.1096558249676,261.1895039480484,378.7356302528184,237.6217663241732,239.8167900965004,235.94430411372204,374.58451424237984
334.9502124118434,313.7758687864313,315.0451066429049,382.2735694529479,321.45604530661024,245.2792271431246,327.4606620105788,374.60156178845017,115,45849.0,221.80722247765686,309.71110289578615,261.1947049983281,379.1566091745011,238.3848387721912,240.9704438639428,236.55861464919747,372.8581332666269
334.9366540574842,314.09204354557966,309.7608763698474,381.4502293087657,321.16994553502894,245.5122638366383,327.9073752317911,374.3313851628279,251,46100.0,221.55351097017876,308.29266642041773,260.37938455663306,379.4892076877732,237.82892961910264,239.92288468415254,236.12354323094,373.63347938023696
334.82546795203064,312.80614091942346,310.43347369836005,379.6858883398185,320.4403429736423,243.487765159014,326.5073712419443,373.1267717588751,195,46295.0,220.26678775535018,308.53540331588505,261.01468691102264,378.21381050070335,236.65353975407345,238.75025633085576,237.37684672908557,373.5077580269137
334.4292049185311,313.40231880622815,309.9292093121124,380.22785799490964,320.3350261584331,243.8299704833352,326.9582073048395,374.66406313248876,86,46381.0,220.9722211667072,308.42870880285074,260.6992064004742,377.7464800424526,238.33978200237115,239.49473526811352,236.89518672482976,373.8921039956839
334.4489024121474,312.02900407227827,310.5108120098188,380.0630618871185,320.29226384738075,243.76491645457213,327.87217670841443,373.2984924316406,160,46541.0,221.73465951407462,309.05813503759515,260.83312275808606,378.14003465089166,237.334939088339,239.1938597180065,238.1915544443093,373.29874977546655
334.631456902055,313.971138198141,314.8649674352505,381.0721283749595,321.9730528597702,244.83057367986962,327.5020946695647,373.1225238068734,136,46677.0,221.069758671267,307.8653203143975,260.55715835511916,377.4291810347008,238.257184381151,240.86439182103612,239.02192943290981,372.7780661311174
334.73180154882056,313.1442118432238,310.9345853931709,381.0939990424122,320.80840782432705,244.61726470314773,326.5112993411053,373.83784239773917,116,46793.0,221.43792890852995,309.11228871716116,260.9350633435676,379.3238719880889,237.33603629620626,240.0863418183796,237.6485552954766,373.7086308928969
334.153074271948,313.0482747764785,310.81927228994414,380.9198792610761,321.05310714662306,244.43365344111785,325.1294539039701,374.33123217963197,120,46913.0,220.62415690737475,308.28528646360405,261.05288256930936,378.05040665858775,237.85423189749517,240.3406541458683,236.6245943655764,372.62140303695764
336.10053748936036,315.22734577791675,311.0629925560859,380.914416930836,322.37862256714345,246.0985156044441,324.8150136034776,376.1470217531827,79,46992.0,220.61865899349462,309.81677811380496,261.48970667026384,379.37003022030837,239.03921164427285,242.0541468803129,237.9196606350316,376.1108394484446
335.58435818564567,313.7212801720812,315.57204190859073,381.86482325736716,321.3547593053677,245.36958091617248,326.27300099176193,374.9579521534974,148,47140.0,221.3170792991549,308.6830261704835,260.5809691907831,378.90055681139694,238.04261441360646,240.69457039314233,237.74569381535753,373.78373496890686
336.091453463187,315.4854266507637,309.9452233221745,379.96765966860124,321.57176036315207,245.04038716844943,325.8126605438352,375.44472926638906,128,47268.0,220.92316267555327,308.89198046274134,261.0006369505411,378.2512190428423,237.84510274805447,241.0575974419945,236.95919526690173,373.6007148861268
336.1564119687804,314.0691132619591,310.62396394603445,381.74200146927114,321.9956314146287,244.87588813267843,326.90419475392144,374.8117879758845,91,47359.0,220.32047969357976,307.63323887642184,260.6119332517632,378.9421907731289,238.01617217898837,240.19513273486197,236.70175515260212,372.06229333432856
334.415162082776,313.54745598037016,314.9327615819553,380.34939543570886,320.295399023865,245.19582639704097,326.2627295111868,374.0216700894845,172,47531.0,220.77402077760212,308.0761584346158,260.42323487278094,377.28961766692635,238.82886597154666,240.2975935268896,237.20148821285264,371.36261223511366
335.97510668090354,312.90158879571635,311.64197513565483,380.63471146815806,321.22601060088044,245.12593798069142,328.25528987186885,373.72509378225686,113,47644.0,220.7329087313047,307.8702738865669,261.24365424367704,377.7282501378825,239.61847327562626,240.99132666316055,238.94243173562137,374.1813050897628
334.5809473416221,312.7225895619763,310.4724388270991,378.8469035884877,320.50573490009236,244.99006874203064,327.3548598233828,371.9944814573297,117,47761.0,221.5921436116853,308.29420573970816,260.641968723401,376.8280970123765,238.8377481304718,239.8224943536551,237.91790795233464,371.29282343572896
334.5105597945039,313.1093903773807,311.83847983987414,379.4763369387296,319.5930298385917,244.14019490770724,325.992987369285,374.24820262533393,116,47877.0,222.21055798957318,308.51052931553335,261.02324133253285,377.2380587721118,238.49034172087792,239.3696108753817,239.4768028407709,372.0465989186974
334.81015454006564,311.02244757617694,312.2199483789822,378.9337565367704,319.47389832730425,243.7534676191103,327.6007840048942,371.61996554834235,135,48012.0,221.41879664320894,307.8401397546956,262.1997165308852,377.2870489723324,240.87576662056176,238.92653551744056,240.13422034593876,373.2551305899348
334.0835298174551,310.0449661887372,311.49321559802104,377.9579265377064,319.1928684293992,242.99830906131726,326.64644115165976,371.2818050878652,105,48117.0,222.0363465542923,306.6898697769086,261.1131506300158,376.2075117832638,239.91495214083776,238.41033715658241,240.1507829599344,371.86432240540495
333.8753358121048,312.2660651725808,311.11019327482825,380.0155315497997,319.90491265916637,243.41430535588242,326.4735264165856,372.25526444034864,80,48197.0,220.79036489998782,307.1345824404702,260.6272276644577,378.3885018936711,240.185245261582,238.622097919642,240.87568587366246,373.0919710465664
334.59544141004983,312.1833427705913,311.73461735944335,380.0659163875283,319.5520429203018,244.44154630670891,327.25820340998905,370.90937283372637,132,48329.0,221.02745917056785,305.30911934808125,260.649872419899,378.1494389667412,240.01110507356518,238.67811393243664,228.28406426693212,369.611571316892
335.2610309764105,311.17417132916233,311.01462041357615,380.05100349070494,320.8099516634811,243.76388174264545,328.4144182613388,372.1248148389431,96,48425.0,221.64655277237358,306.53877693136735,261.17468451711454,379.52025141740717,240.03025633815662,238.54894793713032,240.8338067318215,373.6907057688026
335.87637697212426,312.8588282135484,310.5939492548486,381.03535666984595,320.782746340978,244.09859770937905,327.28063204872933,371.7935540391992,132,48557.0,221.94672699568338,304.9377781368908,259.02488856927897,379.9053124936752,239.84403736396519,238.45460563126002,226.91662265169015,367.4143863341969
335.57419832578427,312.3678061134457,310.135932655186,380.0150061889016,321.7019021000844,244.32624737833447,327.2378789404487,372.83879097261575,148,48705.0,222.57750039898468,306.06855520930316,259.4966950769091,378.5006113002955,240.7731966842473,238.09984175034757,224.87642162040981,370.4793868781371
334.51416728097644,311.60696138372083,313.88373348963404,380.345228126012,321.16973535559987,243.34879890007062,326.82905501428746,371.8262118008471,171,48876.0,220.71770694005352,305.4171895239637,259.8086963460603,377.2574532464378,239.71493019668046,238.20123492127254,234.55127048121352,371.3942489228718
335.71317323914764,313.98079333527716,314.57894529350074,380.35984217194084,321.51749132208323,245.71982408434616,326.2946174116914,373.25703635734595,214,49090.0,219.97719375076,310.9945542330569,259.79969069187746,376.22026275476645,238.1452817211819,240.8988130401453,237.2685698869164,374.5985210991894
334.89979784776267,313.1482801289138,314.5689018041707,381.2434327911219,320.7746422615497,245.23856800454882,325.70528379210236,375.08570616727053,165,49255.0,220.0416772745927,309.15871793124336,258.3539471459296,377.8219517524996,235.53796434216926,239.28325037882118,240.08627093719602,374.170195426348
336.1821037322166,316.0337809824573,315.8715559072532,383.68323607765956,322.4844710650611,245.70219959002083,325.8798704629742,375.00949325956833,186,49441.0,220.2623894242461,313.3103083081813,260.42918401933366,380.4005392598365,236.88958668987115,240.6994569610437,238.4523336803867,377.1016606148043
336.0172019394456,315.1606430290894,314.91851212913417,382.76528116334913,321.35989059270116,245.2700309555765,327.8075316907831,376.79291443503575,103,49544.0,220.53944628526264,311.0022336337233,260.2546994695404,379.19276776091414,237.0264526842169,240.7364854170251,238.21759294443092,376.89278281414454
335.3677261293166,313.99282475209606,315.5565218795598,382.98870897046027,321.3185728199287,244.5119197628041,327.5641272875122,375.8121688131224,104,49648.0,219.86363748632053,312.75319035189136,260.28461144592046,380.784557915722,236.88907845938718,241.87394127326922,236.4003863501641,376.5429624251132
336.7962242749878,317.7953802612779,314.9512241229937,384.06230353320814,322.4364705957791,246.06684689694734,325.19375455982487,377.550456388009,98,49746.0,221.5115748305265,309.63076181362334,259.05464855149563,380.5817697949978,237.45513322288426,240.96944443302448,236.68750569978116,375.1584490840298
335.8399054976289,317.09058356408633,315.3448890062622,384.51690673828125,322.52915259929017,245.73720546584056,327.88049601395306,375.9641570254311,84,49830.0,221.82599850665738,310.9417821459202,259.3978371230545,381.94108953130063,236.58276747172908,240.82469327462155,237.368829036965,373.944242803544
335.5475470991914,315.82181475940763,315.3740932598188,382.9124592993544,321.759838594073,244.9427838893752,326.93596865880346,375.95334621291084,144,49974.0,220.96849018497693,309.310022462835,259.71247691588644,380.26700983393374,238.8453620880958,239.79137324298603,237.9775751611138,374.2910651962992
336.3280846265503,315.91379590602736,309.58072172528574,383.4215648433705,322.18761132385015,245.4275473164771,327.0583429596304,376.1373340033497,105,50079.0,220.16631248860043,310.57645412306715,259.8666179968689,381.687231113256,237.3954897631931,240.62257875432618,234.8366300234071,374.1015996587091
